,Product,Num_Routes,IntDivp,Precursor
0,CC(=O)N1CCC(Nc2ccc3c(c2)C(=O)N(CC(O)CN2CCc4ccccc4C2)CC3)CC1,20,0.4953073605449845,"[['CC(=O)N1CCC(=O)CC1', 'Nc1ccc2c(c1)C(=O)N(CC(O)CN1CCc3ccccc3C1)CC2'], ['CC(=O)Cl', 'O=C1c2cc(NC3CCNCC3)ccc2CCN1CC(O)CN1CCc2ccccc2C1'], ['CC(=O)OC(C)=O', 'O=C1c2cc(NC3CCNCC3)ccc2CCN1CC(O)CN1CCc2ccccc2C1'], ['CC(=O)N1CCC(=O)CC1', 'O=C1c2cc(NC3CCNCC3)ccc2CCN1CC(O)CN1CCc2ccccc2C1'], ['CC(=O)N1CCC(N)CC1', 'O=C1c2cc(Br)ccc2CCN1CC(O)CN1CCc2ccccc2C1'], ['CC(=O)N1CCC(Nc2ccc3c(c2)C(=O)N(CC2CO2)CC3)CC1', 'c1ccc2c(c1)CCNC2'], ['CC(=O)N1CCC(N)CC1', 'O=C1c2cc(F)ccc2CCN1CC(O)CN1CCc2ccccc2C1'], ['CC(=O)O', 'O=C1c2cc(NC3CCNCC3)ccc2CCN1CC(O)CN1CCc2ccccc2C1'], ['CC(=O)N1CCC(Nc2ccc3c(c2)C(=O)N(CC(=O)CBr)CC3)CC1', 'c1ccc2c(c1)CCNC2'], ['CC(=O)N1CCC(Nc2ccc3c(c2)C(=O)N2CCOCC3C2)CC1', 'c1ccc2c(c1)CCNC2'], ['CC(=O)N1CCC(Nc2ccc3c(c2)C(=O)N(CC(O)COS(C)(=O)=O)CC3)CC1', 'c1ccc2c(c1)CCNC2'], ['CC(=O)N1CCC(N)CC1', 'O=C1c2ccc(Br)cc2CCN1CC(O)CN1CCc2ccccc2C1'], ['CC(=O)N1CCC(Nc2ccc3c(c2)C(=O)N(CC(=O)CCl)CC3)CC1', 'c1ccc2c(c1)CCNC2'], ['OC(CN1CCc2ccc(Br)cc2CC1)CN1CCc2ccccc2C1', 'CC(=O)N1CCC(N)CC1'], ['Brc1ccc2c(c1)CCNCC2', 'CC(=O)N1CCC(Nc2ccc3c(c2)C(=O)N(CC(O)CCl)CC3)CC1'], ['CC(=O)N1CCC(N)CC1', 'O=C(OCc1ccccc1)N1CCC(Nc2ccc3c(c2)C(=O)N(CC(O)CN2CCc4ccccc4C2)CC3)CC1'], ['CC(=O)N1CCC(Nc2ccc3c(c2)C(=O)NCC3)CC1', 'OC(CBr)CN1CCc2ccccc2C1'], ['CC(=O)N1CCC(N)CC1', 'CC(C)(C)[Si](C)(C)OC(CN1CCc2ccccc2C1)CN1CCc2ccc(N)cc2C1=O'], ['CC(=O)N1CCC(N)CC1', 'O=C1c2cc(F)ccc2CCN1CC1CO1'], ['CC(=O)N1CCC(N)CC1', 'CC(C)(C)OC(=O)N1CCCC1=O', 'CC(C)OC(=O)N1CCc2ccccc2CC1']]"
1,O=C1c2cc(NC3CCN(C(=O)C4CC4)CC3)ccc2C2(CCCC2)CN1CC(O)CN1CCc2ccccc2C1,17,0.5341318908520424,"[['O=C(O)C1CC1', 'O=C1c2cc(NC3CCNCC3)ccc2C2(CCCC2)CN1CC(O)CN1CCc2ccccc2C1'], ['O=C(Cl)C1CC1', 'O=C1c2cc(NC3CCNCC3)ccc2C2(CCCC2)CN1CC(O)CN1CCc2ccccc2C1'], ['O=C1c2cc(NC3CCN(C(=O)C4CC4)CC3)ccc2CN1CC(O)CN1CCc2ccccc2C1'], ['O=C1c2cc(NC3CCNCC3)ccc2C2(CCCC2)CN1CC(O)CN1CCc2ccccc2C1', 'O=C(Cl)C1CC1'], ['NC1CCN(C(=O)C2CC2)CC1', 'O=C1c2cc(F)ccc2C2(CCCC2)CN1CC(O)CN1CCc2ccccc2C1'], ['O=C1c2cc(NC3CCNCC3)ccc2C2(CCCC2)CN1CC(O)CN1CCc2ccccc2C1', 'O=C(O)C1CC1'], ['O=C1CCN(C(=O)C2CC2)CC1', 'Nc1ccc2c(c1)C(=O)N(CC(O)CN1CCc3ccccc3C1)CC21CCCC1'], ['O=C1c2cc(NC3CCN(C(=O)C4CC4)CC3)ccc2C2(CCCC2)CN1CC(O)CCl', 'c1ccc2c(c1)CCNC2'], ['CC(C)(C)OC(=O)C1CC1', 'O=C1c2cc(NC3CCNCC3)ccc2C2(CCCC2)CN1CC(O)CN1CCc2ccccc2C1'], ['Nc1ccc2c(c1)C(=O)N(CC(O)CN1CCc3ccccc3C1)C21CCCC1', 'O=C(Cl)C1CC1'], ['O=C1c2ccc(NC3CCN(C(=O)C4CC4)CC3)cc2C(=O)N2CC(Cc3ccccc3CN1CC1CC1)CC21CCCC1'], ['Cc1ccc(S(=O)(=O)OC[C@H]2CO2)cc1', 'O=C(O)C(F)(F)F', 'O=C1c2cc(NC3CCN(C(=O)C4CC4)CC3)ccc2C2(CCCC2)CN1CC(O)CNCc1ccccc1'], ['Nc1ccc2c(c1)C1(CCCC1)CN(CC(O)CN1CCc3ccccc3C1)C2=O', 'O=C1CCCC1'], ['Cc1ccc(S(=O)(=O)OCC2CN(CC3(O)c4ccc(NC5CCN(C(=O)C6CC6)CC5)cc4C(=O)c4cc(NC5CCN(C(=O)C6CC6)CC5)ccc43)C2)cc1', 'NC1CC1'], ['CC(=O)OC1CN(C2(c3ccc(NC4CCN(C(=O)C5CC5)CC4)cc3C(=O)NC3CCCC3)C(=O)c3ccccc32)C1'], ['Nc1ccc2c(c1)C1(CCCC1)CNC2=O', 'O=C(O)C1CC1', 'O=C(O)C1CC1', 'OC1CCNC1', 'c1ccc2c(c1)CCNC2'], ['C[C@@H](O)CN1CCc2ccccc2C1=O', 'O=C1c2cc(NC3CCN(C(=O)C4CC4)CC3)ccc2C2(CCCC2)CN1CCCl']]"
2,CC1CCN(c2ccc(N(C)C(=O)c3ccc(CN4CCOCC4)cc3)cc2C(F)(F)F)CC1,19,0.40042892472716385,"[['C1COCCN1', 'CC1CCN(c2ccc(N(C)C(=O)c3ccc(C=O)cc3)cc2C(F)(F)F)CC1'], ['C1COCCN1', 'CC1CCN(c2ccc(N(C)C(=O)c3ccc(CBr)cc3)cc2C(F)(F)F)CC1'], ['C1COCCN1', 'CC1CCN(c2ccc(N(C)C(=O)c3ccc(CCl)cc3)cc2C(F)(F)F)CC1'], ['CNc1ccc(N2CCC(C)CC2)c(C(F)(F)F)c1', 'O=C(O)c1ccc(CN2CCOCC2)cc1'], ['C1COCCN1', 'CC1CCN(c2ccc(N(C)C(=O)c3ccc(COS(C)(=O)=O)cc3)cc2C(F)(F)F)CC1'], ['CC1CCN(c2ccc(NC(=O)c3ccc(CN4CCOCC4)cc3)cc2C(F)(F)F)CC1', 'CI'], ['CC1CCN(c2ccc(N(C)C(=O)c3ccc(C=O)cc3)cc2C(F)(F)F)CC1', 'CN1CCOCC1'], ['CC1CCN(c2ccc(N(C)C(=O)c3ccc(C=O)cc3)cc2C(F)(F)F)CC1', 'CNc1ccc(N2CCC(C)CC2)c(C(F)(F)F)c1'], ['CC1CCN(c2ccc(N(C)C(=O)c3ccc(CCl)cc3)cc2C(F)(F)F)CC1', 'CN1CCOCC1'], ['CC1CCN(c2ccc(NC(=O)c3ccc(CN4CCOCC4)cc3)cc2C(F)(F)F)CC1', 'O=C(O)c1ccc(CN2CCOCC2)cc1'], ['CC1CCN(c2ccc(N(C)C(=O)c3ccc(CCl)cc3)cc2C(F)(F)F)CC1', 'CNC'], ['CC1CCN(c2ccc(N(C)C(=O)c3ccc(CO)cc3)cc2C(F)(F)F)CC1', 'CN1CCOCC1'], ['CC1CCN(c2ccc(N(C)C(=O)c3ccc(CCl)cc3)cc2C(F)(F)F)CC1', 'CCN(C(C)C)C(C)C'], ['CC1CCN(c2ccc(N(C)C(=O)c3ccc(CBr)cc3)cc2C(F)(F)F)CC1', 'CCN(C(C)C)C(C)C'], ['CC1CCN(c2ccc(N(C)C(=O)c3ccc(CO)cc3)cc2C(F)(F)F)CC1', 'CN(C)C=O'], ['CC1CCN(c2ccc(NC(=O)c3ccc(CN4CCOCC4)cc3)cc2C(F)(F)F)CC1', '[OH-]'], ['CC1CCN(c2ccc(N(C)C(=O)c3ccc(CBr)cc3)cc2C(F)(F)F)CC1', 'CN1CCCC1=O'], ['CC1CCN(c2ccc(N(C)C(=O)c3ccc(CN)cc3)cc2C(F)(F)F)CC1', 'O=CCO'], ['CC1CCN(c2ccc(N(C)C(=O)c3ccc(CN4CCOCC4)cc3)cc2)CC1', 'C[Si](C)(C)[N-][Si](C)(C)C']]"
3,COc1cc(CNCCO)nc(Nc2cccc(-c3ccccc3)c2C)n1,10,0.3766600759457382,"[['COc1cc(C=O)nc(Nc2cccc(-c3ccccc3)c2C)n1', 'NCCO'], ['COc1cc(CN(CCO[Si](C)(C)C(C)(C)C)C(=O)OC(C)(C)C)nc(Nc2cccc(-c3ccccc3)c2C)n1'], ['COc1cc(CCl)nc(Nc2cccc(-c3ccccc3)c2C)n1', 'NCCO'], ['COc1cc(CN(CCO[Si](c2ccccc2)(c2ccccc2)C(C)(C)C)C(=O)OC(C)(C)C)nc(Nc2cccc(-c3ccccc3)c2C)n1'], ['COc1cc(CN(CCO)C(=O)OC(C)(C)C)nc(Nc2cccc(-c3ccccc3)c2C)n1'], ['COc1cc(CN(C(=O)OC(C)(C)C)C(=O)OC(C)(C)C)nc(Nc2cccc(-c3ccccc3)c2C)n1'], ['COc1cc(CNCCO[Si](C)(C)C(C)(C)C)nc(Nc2cccc(-c3ccccc3)c2C)n1'], ['COc1cc(CN)nc(Nc2cccc(-c3ccccc3)c2C)n1', 'OCCBr'], ['COc1cc(CN(CCO)S(C)(=O)=O)nc(Nc2cccc(-c3ccccc3)c2C)n1'], ['COc1cc(CN)nc(Nc2cccc(-c3ccccc3)c2C)n1', 'OCCCl']]"
4,COc1cc(CNCC(=O)O)nc(Nc2cccc(-c3ccccc3)c2C)n1,24,0.3450808131310874,"[['COC(=O)CNCc1cc(OC)nc(Nc2cccc(-c3ccccc3)c2C)n1'], ['COc1cc(CNCC(=O)OC(C)(C)C)nc(Nc2cccc(-c3ccccc3)c2C)n1'], ['CCOC(=O)CNCc1cc(OC)nc(Nc2cccc(-c3ccccc3)c2C)n1'], ['COc1cc(CN(CC(=O)OC(C)(C)C)C(=O)OC(C)(C)C)nc(Nc2cccc(-c3ccccc3)c2C)n1'], ['COc1cc(CN)nc(Nc2cccc(-c3ccccc3)c2C)n1', 'O=C(O)C(F)(F)F'], ['COc1cc(C=O)nc(Nc2cccc(-c3ccccc3)c2C)n1', 'NCC(=O)O'], ['COc1cc(CNC(=O)OC(C)(C)C)nc(Nc2cccc(-c3ccccc3)c2C)n1'], ['COc1cc(CN)nc(Nc2cccc(-c3ccccc3)c2C)n1', 'O=C(O)CCl'], ['COC(=O)CN', 'COc1cc(C=O)nc(Nc2cccc(-c3ccccc3)c2C)n1'], ['COc1cc(CNCC(=O)OCc2ccccc2)nc(Nc2cccc(-c3ccccc3)c2C)n1'], ['COc1cc(CN)nc(Nc2cccc(-c3ccccc3)c2C)n1', 'O=C(O)CBr'], ['CCOC(=O)CN', 'COc1cc(C=O)nc(Nc2cccc(-c3ccccc3)c2C)n1'], ['COC(=O)CN', 'COc1cc(CCl)nc(Nc2cccc(-c3ccccc3)c2C)n1'], ['COc1cc(CN)nc(Nc2cccc(-c3ccccc3)c2C)n1', 'O=C(O)CO'], ['COC(=O)CN', 'COc1cc(CN)nc(Nc2cccc(-c3ccccc3)c2C)n1'], ['COc1cc(CN)nc(Nc2cccc(-c3ccccc3)c2C)n1', 'O=C(O)C(=O)O'], ['COc1cc(CN)nc(Nc2cccc(-c3ccccc3)c2C)n1', 'O=C(O)C(O)(C(=O)O)C(=O)O'], ['COc1cc(CN(Cc2ccccc2)C(=O)OC(C)(C)C)nc(Nc2cccc(-c3ccccc3)c2C)n1'], ['COc1cc(CNC(=O)OC(C)(C)C)nc(Nc2cccc(Br)c2C)n1', 'OB(O)c1ccccc1'], ['CC(C)(C)OC(=O)CN', 'COc1cc(CCl)nc(Nc2cccc(-c3ccccc3)c2C)n1'], ['CC(C)(C)OC(=O)CBr', 'COc1cc(CN)nc(Nc2cccc(-c3ccccc3)c2C)n1'], ['CCOC(=O)CN', 'COc1cc(CO)nc(Nc2cccc(-c3ccccc3)c2C)n1'], ['COc1cc(CNC(=O)C(F)(F)F)nc(Cl)n1', 'Cc1c(N)cccc1-c1ccccc1'], ['CC(C)(C)OC(=O)CN', 'COc1cc(CO)nc(Nc2cccc(-c3ccccc3)c2C)n1']]"
5,NC(=S)c1cccc(-c2cn(C3CCOCC3)c3c(Cl)c(CNC(=O)C4CC5(CNC5)C4)ccc23)c1,14,0.37249556782424226,"[['CC(C)(C)OC(=O)N1CC2(CC(C(=O)O)C2)C1', 'NCc1ccc2c(c(-c3cccc(C(N)=S)c3)cn2C2CCOCC2)c1Cl'], ['CC(C)(C)OC(=O)N1CC2(CC(C(=O)NCc3ccc4c(-c5cccc(C(N)=S)c5)cn(C5CCOCC5)c4c3Cl)C2)C1'], ['CC(C)(C)OC(=O)N1CC2(CC(C(=O)NCc3ccc4c(-c5cccc(C#N)c5)cn(C5CCOCC5)c4c3Cl)C2)C1', 'S=P12SP3(=S)SP(=S)(S1)SP(=S)(S2)S3'], ['NC(=S)c1cccc(-c2cn(C3CCOCC3)c3c(Cl)c(CNC(=O)C4CC5(C4)CN(C(=O)OCc4ccccc4)C5)ccc23)c1'], ['N#Cc1cccc(-c2cn(C3CCOCC3)c3c(Cl)c(CNC(=O)C4CC5(CNC5)C4)ccc23)c1', 'S=P12SP3(=S)SP(=S)(S1)SP(=S)(S2)S3'], ['CC(C)(C)OC(=O)N1CC2(CC(C(=O)O)C2)C1', 'NCc1ccc2c(c1)c(-c1cccc(C(N)=S)c1)cn2C1CCOCC1'], ['CC(C)(C)OC(=O)N1CC2(CC(C(=O)NCc3ccc4c(-c5cccc(C#N)c5)cn(C5CCOCC5)c4c3Cl)C2)C1'], ['CC(C)(C)OC(=O)N1CC2(CC(C(=O)NCc3ccc4c(-c5cccc(C#N)c5)cn(C5CCOCC5)c4c3Cl)C2)C1', 'COc1ccc(P2(=S)SP(=S)(c3ccc(OC)cc3)S2)cc1'], ['CC(C)(C)OC(=O)N1CC2(CC(C(=O)NCc3ccc4c(c(-c5cccc(C(N)=S)c5)cn4C4CCOCC4)c3Cl)C2)C1'], ['COc1ccc(P2(=S)SP(=S)(c3ccc(OC)cc3)S2)cc1', 'NC(=O)c1cccc(-c2cn(C3CCOCC3)c3c(Cl)c(CNC(=O)C4CC5(CNC5)C4)ccc23)c1'], ['CC(C)(C)OC(=O)N1CC2(CC(C(=O)NCc3ccc4c(c(-c5cccc(C#N)c5)cn4C4CCOCC4)c3Cl)C2)C1'], ['CC(C)(C)OC(=O)N1CC2(CC(C(=O)NCc3ccc4c(-c5cccc(C#N)c5)cn(C5CCOCC5)c4c3Cl)C2)C1', '[S-2]'], ['COc1ccc(CN2CCC3(CC(C(=O)NCc4ccc5c(-c6cccc(C#N)c6)cn(C6CCOCC6)c5c4Cl)C3)C2)cc1', 'S=P12SP3(=S)SP(=S)(S1)SP(=S)(S2)S3'], ['CC(C)(C)OC(=O)N1CC2(CC(C(=O)NCc3ccc4c(-c5cccc(C#N)c5)cn(C5CCOCC5)c4c3Cl)C2)C1', 'CC(C)(C)OC(=O)N1CC2(CC(C(=O)NCc3ccc4c(-c5cccc(C(=[S-])c6ccccc6)c5)cn(C5CCOCC5)c4c3Cl)C2)C1']]"
6,CC(=O)NCCN1CCC2(CC1)CC(C(=O)NCc1ccc3c(-c4cccc(C(N)=S)c4)cn(C4CCOCC4)c3c1Cl)C2,12,0.24622879674830436,"[['CC(=O)NCCN1CCC2(CC1)CC(C(=O)O)C2', 'NCc1ccc2c(-c3cccc(C(N)=S)c3)cn(C3CCOCC3)c2c1Cl'], ['CC(=O)NCCN1CCC2(CC1)CC(C(=O)NCc1ccc3c(-c4cccc(C#N)c4)cn(C4CCOCC4)c3c1Cl)C2', 'S'], ['CC(=O)NCCN1CCC2(CC1)CC(C(=O)NCc1ccc3c(-c4cccc(C#N)c4)cn(C4CCOCC4)c3c1Cl)C2', 'S=P12SP3(=S)SP(=S)(S1)SP(=S)(S2)S3'], ['CC(=O)NCCN1CCC2(CC1)CC(C(=O)NCc1ccc3c(-c4cccc(C#N)c4)cn(C4CCOCC4)c3c1Cl)C2', 'COc1ccc(P2(=S)SP(=S)(c3ccc(OC)cc3)S2)cc1'], ['CC(=O)OC(C)=O', 'NCCN1CCC2(CC1)CC(C(=O)NCc1ccc3c(-c4cccc(C(N)=S)c4)cn(C4CCOCC4)c3c1Cl)C2'], ['CC(=O)NCCN1CCC2(CC1)CC(C(=O)NCc1ccc3c(-c4cccc(C#N)c4)cn(C4CCOCC4)c3c1Cl)C2', 'CC(=O)NCCN1CCC2(CC1)CC(C(=O)NCc1ccc3c(-c4cccc(C#N)c4)cn(C4CCOCC4)c3c1Cl)C2'], ['CC(=O)NCCN1CCC2(CC1)CC(C(=O)NCc1ccc3c(-c4cccc(C(=N)NO)c4)cn(C4CCOCC4)c3c1Cl)C2'], ['CC(=O)NCCN1CCC2(CC1)CC(C(=O)NCc1ccc3c(-c4cccc(C#N)c4)cn(C4CCOCC4)c3c1Cl)C2', 'CS(C)=O'], ['CC(=O)NCCN1CCC2(CC1)CC(C(=O)NCc1ccc3c(-c4cccc(C#N)c4)cn(C4CCOCC4)c3c1Cl)C2', '[S-2]'], ['CC(=O)NCCN1CCC2(CC1)CC(C(=O)NCc1ccc3c(-c4cccc(C#N)c4)cn(C4CCOCC4)c3c1Cl)C2', 'CC(=O)O'], ['CC(=O)OC(C)=O', 'NC(=S)c1cccc(-c2cn(C3CCOCC3)c3c(Cl)c(CNC(=O)C4CC5(CCNCC5)C4)ccc23)c1'], ['CC(=O)NCCN1CCC2(CC1)CC(C(=O)NCc1ccc3c(-c4cccc(C(=N)SC(C)=O)c4)cn(C4CCOCC4)c3c1Cl)C2']]"
7,N#CC1CC(F)(F)CN1C(=O)CNC(=O)c1ccnc2ccc(OCCCN3CCN(C(=O)C(CCC(=O)NCCCn4ccnc4[N+](=O)[O-])NC(=O)CN4CCN(CC(=O)O)CCN(CC(=O)O)CCN(CC(=O)O)CC4)CC3)cc12,26,0.5410664155993152,"[['CC(C)(C)OC(=O)CN1CCN(CC(=O)O)CCN(CC(=O)NC(CCC(=O)NCCCn2ccnc2[N+](=O)[O-])C(=O)N2CCN(CCCOc3ccc4nccc(C(=O)NCC(=O)N5CC(F)(F)CC5C#N)c4c3)CC2)CCN(CC(=O)OC(C)(C)C)CC1'], ['N#CC1CC(F)(F)CN1C(=O)CNC(=O)c1ccnc2ccc(OCCCN3CCN(C(=O)C(CCC(=O)NCCCn4ccnc4[N+](=O)[O-])NC(=O)CN4CCN(CC(=O)O)CCN(CC(=O)OCc5ccccc5)CCN(CC(=O)OCc5ccccc5)CC4)CC3)cc12'], ['N#CC1CC(F)(F)CN1C(=O)CNC(=O)c1ccnc2ccc(OCCCN3CCN(C(=O)C(CCC(=O)NCCCn4ccnc4[N+](=O)[O-])NC(=O)CN4CCN(CC(=O)O)CCN(CC(=O)O)CCN(CC(=O)OCc5ccccc5)CC4)CC3)cc12'], ['CC(C)(C)OC(=O)CN1CCN(CC(=O)O)CCN(CC(=O)O)CCN(CC(=O)NC(CCC(=O)NCCCn2ccnc2[N+](=O)[O-])C(=O)N2CCN(CCCOc3ccc4nccc(C(=O)NCC(=O)N5CC(F)(F)CC5C#N)c4c3)CC2)CC1'], ['CC(C)(C)OC(=O)CN1CCN(CC(=O)OC(C)(C)C)CCN(CC(=O)OC(C)(C)C)CN(CC(=O)NC(CCC(=O)NCCCn2ccnc2[N+](=O)[O-])C(=O)N2CCN(CCCOc3ccc4nccc(C(=O)NCC(=O)N5CC(F)(F)CC5C#N)c4c3)CC2)CC1'], ['N#CC1CC(F)(F)CN1C(=O)CNC(=O)c1ccnc2ccc(OCCCN3CCN(C(=O)C(CCC(=O)NCCCn4ccnc4[N+](=O)[O-])NC(=O)CN4CCN(CC(=O)O)CCN(CC(=O)O)CC4)CC3)cc12'], ['N#CC1CC(F)(F)CN1C(=O)CNC(=O)c1ccnc2ccc(OCCCN3CCN(C(=O)C(CCC(=O)O)NC(=O)CN4CCN(CC(=O)O)CCN(CC(=O)O)CCN(CC(=O)O)CC4)CC3)cc12', 'NCCCn1ccnc1[N+](=O)[O-]'], ['CC(C)(C)OC(=O)CN1CCN(CC(=O)O)CCN(CC(=O)O)CCN(CC(=O)NC(CCC(=O)NCCCn2ccnc2[N+](=O)[O-])C(=O)N2CCN(CCCOc3ccc4nccc(C(=O)NCC(=O)N5CC(F)(F)CC5C#N)c4c3)CC2)CCN(CC(=O)OC(C)(C)C)CC1'], ['CC(C)(C)OC(=O)CN1CCN(CCN(CC(=O)NC(NC(=O)CCC(=O)NCCCn2ccnc2[N+](=O)[O-])C(=O)N2CCN(CCCOc3ccnc4ccc(C(=O)NCC(=O)N5CC(F)(F)CCN5CC(=O)OC(C)(C)C)cc34)CC2)C(=O)OC(C)(C)C)CCN(CC(=O)OC(C)(C)C)CC1'], ['CCOC(=O)CN1CCN(CCN(CC(=O)N[C@@H](CCC(=O)N2CCN(CCC(=O)OC(C)(C)C)CC2)C(=O)N2CCN(CCCOc3ccnc4ccc(C(=O)NCC(=O)N5CC(F)(F)CC(F)(F)CN5)cc34)CC2)C(=O)OC(C)(C)C)CCN(CC(=O)OC(C)(C)C)CC1'], ['COC(=O)CN1CCN(CCN(CC(=O)NCCCn2ccnc2[N+](=O)[O-])C(=O)N(CCCOc2ccnc3ccc(C(=O)NCC(=O)N4CCN(CC(=O)OC(C)(C)C)CC(F)(F)C4)cc23)C(=O)CCC(=O)OC(C)(C)C)CCN(CC(=O)OC(C)(C)C)CC1'], ['CC(C)(C)OC(=O)CN1CCN(CCN2CCN(CC(=O)O)CCN(CC(=O)NC(CCC(=O)N3CCN(CCC(=O)O)CC3)C(=O)N(CCCOc3ccc4nccc(C(=O)NCC(=O)O)c4c3)C(=O)NCC(F)(F)CC(N)=O)CC2)CC1'], ['N#CC1CC(F)(F)CN1C(=O)CNC(=O)c1ccnc2ccc(OCCCN3CCN(C(=O)C(CCC(=O)NCCCn4ccnc4[N+](=O)[O-])NC(=O)CN4CCN(CC(=O)O)CCN(CC(=O)O)CC4)CC3)cc12', 'O=C(O)N(CCO)CCn1ccnc1'], ['CC(C)(C)OC(=O)CN1CCN(CC(=O)O)CCN(C(=O)CN(C(=O)CN2CCN(CC(=O)OC(C)(C)C)C(C(F)(F)F)C2)C(=O)NC(CCC(=O)NCCCn2ccnc2[N+](=O)[O-])C(=O)N2CCN(CCCOc3ccnc4ccc(C(=O)NCC(=O)O)cc34)CC2)CC1'], ['CC(C)(C)OC(=O)N1CCN(CC(=O)N2CCN(CCN(CCN(CCN(CCN(CC(=O)O)CC(F)(F)CNC(=O)c3ccnc4ccc(OCCCN5CCN(C(=O)c6ccccc6)CC5)cc34)CC(=O)O)CC(=O)O)CC(=O)O)CC2)CC1'], ['CC(C)(C)OC(=O)CN1CCN2CCN(CC(=O)O)CCCN(CCCOc3ccnc4ccc(C(=O)NCC(=O)N5CN(CC(=O)O)CC(F)(F)C5)cc34)CCN(C(=O)CCC(C(=O)NCCOCc3ccccc3)NC(=O)CN(C(=O)OC(C)(C)C)CC1)N(CC(=O)OC(C)(C)C)CC2'], ['CCOC(=O)CN1CCN(CCN(CC(=O)N[C@@H](CCC(=O)N2CCN(CCC(=O)OC(C)(C)C)CC2)C(=O)N2CCN(CCCOc3ccnc4ccc(C(=O)NCC(=O)O)cc34)CC2)C(=O)NCC(F)(F)CC(C#N)CNC(=O)OC(C)(C)C)CC1'], ['CC(C)(C)OC(=O)CNC(=O)c1ccc2nccc(OCCCN3CCN(C(=O)C(CCC(=O)NCCNC(=O)CN(CCN(CCN4CCN(CC(=O)OC(C)(C)C)CC(C(F)(F)C(=O)OC(C)(C)C)C4)CC(=O)O)C(=O)OC(C)(C)C)NC(=O)OC(C)(C)C)CC3)c2c1'], ['C#CCN1CCN(CCN(CCN(CC(=O)NCCN2CCN(CC(=O)OC(C)(C)C)CCN(CC(=O)OC(C)(C)C)CC2)C(=O)OC(C)(C)C)CC(=O)OC(C)(C)C)CCN(CC(=O)OC(C)(C)C)CC1', 'N#CC1CC(F)(F)CN1C(=O)c1ccnc2ccc(OCCCN3CCN(C(=O)CCC(=O)ON4C(=O)CCC4=O)CC3)cc12'], ['COC(=O)CN1CCN(CCN(CC(=O)NC(=O)CN2CCN(CC(=O)O)CCN(CC(F)(F)CNC(=O)OC(C)(C)C)CC2)C(=O)NC(CCC(=O)N2CCN(CCC(=O)O)CC2)C(=O)N2CCN(CCC(=O)O)CC2)CC1'], ['CC(C)(C)OC(=O)N1CCCN(CCN(CC(=O)N2CCN(CC(=O)NC(CCC(=O)N3CCN(CCC(=O)O)CC3)C(=O)Nc3ccnc4ccc(OCCCN5CCN(C(=O)OC(C)(C)C)CC(F)(F)C5)cc34)CC2)C(=O)OC(C)(C)C)CC1'], ['CC(C)(C)OC(=O)CN1CCN(CCN(CC(=O)NC(=O)CN2CCN(CC(=O)OC(C)(C)C)CCN(CC(=O)OC(C)(C)C)CC2)C(=O)CCC(=O)N2CCN(CCCOc3ccnc4ccc(C(=O)NCC(F)(F)CC(F)(F)C(=O)NCC(O)C(F)(F)F)cc34)CC2)CC1'], ['COC(=O)CN1CCN(CCN(CC(=O)N[C@H](CCC(=O)NCCCn2ccnc2[N+](=O)[O-])C(=O)N2CCN(CCCOc3ccnc4ccc(C(=O)NCC(=O)O)cc34)CC2)C(=O)OC)CCN(CC(F)(F)CC2CC(=O)NCN2)CC1'], ['CCC(NC(=O)OC)C(=O)N(CCOc1ccc2nccc(C(=O)NCC(=O)N3CCN(CC(F)(F)CC4CC(=O)NC(C(=O)OC)C4)CC3)c2c1)C(=O)N(CCN1CCN(CC(=O)OC)CCN(C(=O)OC)CC1)CC(=O)NCCCn1ccnc1[N+](=O)[O-]'], ['COC(=O)CN1CCN(CCN(CC(=O)N(CC(=O)N2CCN(CCC(=O)O)CC2)C(=O)N(CCCOc2ccnc3ccc(C(=O)NC4CN(CC(F)(F)CC5CC(=O)NCC(O)C5)C4)cc23)C(=O)NCCC(=O)NCCC(=O)O)C(=O)OC)CC(C)C1'], ['COC(=O)CN1CCN(CCN(CC(=O)NCCN2CCN(CC(=O)NC(C(=O)O)C(CCC(=O)N3CCN(CCC(F)(F)CNC(=O)OC(C)(C)C)CC3)C(=O)N3CCOC3=O)CC2)C(=O)CCC(=O)N(CCC(=O)OC(C)(C)C)Cc2cc(OC)c3c(C(=O)NCCC(=O)OC(C)(C)C)cncc3c2)CC1']]"
8,CN(c1cccc(N)c1)c1nccc(-c2cn(C)c3ccccc23)n1,3,0.7244307962272428,"[['CN(c1cccc([N+](=O)[O-])c1)c1nccc(-c2cn(C)c3ccccc23)n1'], ['CCCC[Sn](CCCC)(CCCC)c1cn(C)c2ccccc12', 'CN(c1cccc(N)c1)c1nccc(Br)n1'], ['CC(C)(C)OC(=O)Nc1cccc(N)c1', 'CNc1cccc(C(=O)Cn2ccc3ccccc32)n1']]"
9,Nc1cccc(Nc2nccc(Oc3ccc4[nH]ccc4c3)n2)c1,5,0.5069613031077068,"[['O=[N+]([O-])c1cccc(Nc2nccc(Oc3ccc4[nH]ccc4c3)n2)c1'], ['Clc1nccc(Oc2ccc3[nH]ccc3c2)n1', 'Nc1cccc(N)c1'], ['CC(C)(C)OC(=O)Nc1cccc(Nc2nccc(Oc3ccc4[nH]ccc4c3)n2)c1'], ['CC(=O)Nc1cccc(Nc2nccc(Oc3ccc4[nH]ccc4c3)n2)c1'], ['Nc1cccc(N)c1', 'Oc1ccc2[nH]ccc2c1']]"
10,CCOc1ccc(-c2nc(C)c(C(=O)O)s2)cc1,12,0.5946791989946902,"[['CCOC(=O)c1sc(-c2ccc(OCC)cc2)nc1C'], ['CCOc1ccc(-c2nc(C)c(C=O)s2)cc1', '[O-][Cl+][O-]'], ['CCOc1ccc(-c2nc(C)c(C(=O)OC)s2)cc1'], ['CCOc1ccc(-c2nc(C)c(C#N)s2)cc1', 'O', '[OH-]'], ['CCOc1ccc(B(O)O)cc1', 'Cc1nc(Br)sc1C(=O)O'], ['CCOc1ccc(-c2nc(C)cs2)cc1', 'O=C=O'], ['CCOc1ccc(C(N)=S)cc1', 'CCOC(=O)C(Cl)C(C)=O'], ['CCOc1ccc(-c2nc(C)c(C#N)s2)cc1', '[OH-]'], ['CCOc1ccc(C(=O)NC(C)=C(Br)C(=O)OC)cc1'], ['CCOc1ccc(C(=S)NC(C)=O)cc1', 'O=C(O)CBr'], ['CCOc1ccc(-c2nc(C)c(C=O)s2)cc1', 'C[Mg+]'], ['CCOc1ccc(C(=O)CBr)cc1', 'COC(=O)C(N)=S']]"
11,Cc1nc(Cc2ccc(OCC3CC3)cc2)sc1C(=O)O,6,0.4281849566048811,"[['CCOC(=O)c1sc(Cc2ccc(OCC3CC3)cc2)nc1C'], ['COC(=O)c1sc(Cc2ccc(OCC3CC3)cc2)nc1C'], ['BrCC1CC1', 'Cc1nc(Cc2ccc(O)cc2)sc1C(=O)O'], ['BrCC1CC1', 'COC(=O)c1sc(Cc2ccc(O)cc2)nc1C'], ['Cc1nc(Cc2ccc(OCC3CC3)cc2)sc1C#N', '[OH-]'], ['Cc1nc(Cc2ccc(OCC3CC3)cc2)sc1C=O', 'O=S([O-])S(=O)[O-]']]"
12,CN1CCC(Oc2cc(C(=O)O)ccc2Cc2ccccc2)CC1,9,0.37326386245315335,"[['COC(=O)c1ccc(Cc2ccccc2)c(OC2CCN(C)CC2)c1'], ['CCOC(=O)c1ccc(Cc2ccccc2)c(OC2CCN(C)CC2)c1'], ['CN1CCC(O)CC1', 'O=C(O)c1ccc(Cc2ccccc2)c(F)c1'], ['CN1CCC(Oc2cc(C(=O)OC(C)(C)C)ccc2Cc2ccccc2)CC1'], ['CN1CCC(Oc2cc(C(=O)OCc3ccccc3)ccc2Cc2ccccc2)CC1'], ['CN1CCC(O)CC1', 'COC(=O)c1ccc(Cc2ccccc2)c(O)c1'], ['CN1CCC(O)CC1', 'COC(=O)c1ccc(Cc2ccccc2)c(OS(=O)(=O)C(F)(F)F)c1'], ['CN1CCC(O)CC1', 'COC(=O)c1ccc(Cc2ccccc2)c(F)c1'], ['CC(=O)O', 'O=C(O)c1ccc(Cc2ccccc2)c(OC2CCNCC2)c1']]"
13,CN1CCC(Oc2cc(CC(=O)O)ccc2Cc2ccccc2)CC1,13,0.3792676351959528,"[['CCOC(=O)Cc1ccc(Cc2ccccc2)c(OC2CCN(C)CC2)c1'], ['COC(=O)Cc1ccc(Cc2ccccc2)c(OC2CCN(C)CC2)c1'], ['CN1CCC(Oc2cc(CC(=O)OC(C)(C)C)ccc2Cc2ccccc2)CC1'], ['CN1CCC(O)CC1', 'O=C(O)Cc1ccc(Cc2ccccc2)c(O)c1'], ['CN1CCC(O)CC1', 'O=C(O)Cc1ccc(Cc2ccccc2)c(F)c1'], ['CC(C)(C)OC(=O)Cc1ccc(Cc2ccccc2)c(O)c1', 'CN1CCC(O)CC1'], ['CN1CCC(Oc2cc(CC(=O)OCc3ccccc3)ccc2Cc2ccccc2)CC1'], ['CN1CCC(O)CC1', 'COC(=O)Cc1ccc(Cc2ccccc2)c(O)c1'], ['CN1CCC(O)CC1', 'COC(=O)Cc1ccc(Cc2ccccc2)c(F)c1'], ['CN1CCC(Oc2cc(C(C(=O)OCc3ccccc3)C(=O)OCc3ccccc3)ccc2Cc2ccccc2)CC1'], ['CC(=O)O', 'COC(=O)Cc1ccc(Cc2ccccc2)c(OC2CCN(C)CC2)c1'], ['CC(C)OC(=O)Cc1ccc(Cc2ccccc2)c(O)c1', 'CN1CCC(O)CC1'], ['CC(=O)O', 'CN1CCC(Oc2cc(CC#N)ccc2Cc2ccccc2)CC1', 'OO']]"
14,COC(=O)c1ccc2c(c1)NC(=O)C2=C(Nc1ccc(N(C)C(=O)C(C)N2CCN(C)CC2)cc1)c1ccccc1,32,0.44973020881828696,"[['CN1CCNCC1', 'COC(=O)c1ccc2c(c1)NC(=O)C2=C(Nc1ccc(N(C)C(=O)C(C)Br)cc1)c1ccccc1'], ['CC(C(=O)O)N1CCN(C)CC1', 'CNc1ccc(NC(=C2C(=O)Nc3cc(C(=O)OC)ccc32)c2ccccc2)cc1'], ['COC(=O)c1ccc2c(c1)NC(=O)C2=C(O)c1ccccc1', 'CC(C(=O)N(C)c1ccc(N)cc1)N1CCN(C)CC1'], ['CN1CCNCC1', 'COC(=O)c1ccc2c(c1)NC(=O)C2=C(Nc1ccc(N(C)C(=O)C(C)Cl)cc1)c1ccccc1'], ['COC(=O)c1ccc2c(c1)NC(=O)C2=C(OC(C)=O)c1ccccc1', 'CC(C(=O)N(C)c1ccc(N)cc1)N1CCN(C)CC1'], ['COC(=O)c1ccc2c(c1)NC(=O)C2', 'COC(=O)c1ccc2c(c1)NC(=O)C2=C(Nc1ccc(N(C)C(=O)C(C)Br)cc1)c1ccccc1'], ['CC(C(=O)N(C)c1ccc(N)cc1)N1CCN(C)CC1', 'COC(=O)c1ccc2c(c1)NC(=O)C2=C(O)c1ccccc1'], ['CC(C(=O)N(C)c1ccc(N)cc1)N1CCN(C)CC1', 'COC(=O)c1ccc2c(c1)NC(=O)C2=C(OS(=O)(=O)C(F)(F)F)c1ccccc1'], ['COC(=O)c1ccc2c(c1)NC(=O)C2', 'CC(C(=O)N(C)c1ccc(N)cc1)N1CCN(C)CC1'], ['CC(C(=O)O)N1CCN(C)CC1', 'COC(=O)c1ccc2c(c1)NC(=O)C2=C(Nc1ccc(N(C)C(=O)C(C)Br)cc1)c1ccccc1'], ['COC(=O)c1ccc2c(c1)NC(=O)C2=C(O)c1ccccc1', 'C[C@H](C(=O)N(C)c1ccc(N)cc1)N1CCN(C)CC1'], ['CC(C(=O)O)N1CCN(C)CC1', 'CN(C(=O)OC(C)(C)C)c1ccc(N)cc1', 'COC(=O)c1ccc2c(c1)NC(=O)C2=C(Cl)c1ccccc1'], ['CC(C(=O)O)N1CCN(C)CC1', 'CC(C(=O)N(C)c1ccc(N)cc1)N1CCN(C)CC1', 'COC(=O)c1ccc2c(c1)NC(=O)C2=C(OS(=O)(=O)C(F)(F)F)c1ccccc1'], ['CC(C(=O)O)N1CCN(C)CC1', 'CNc1ccc(NC2=c3c(c4ccc(C(=O)OC)cc4n(C(=O)OC(C)(C)C)c3=O)=C2)cc1'], ['COC(=O)c1ccc2c(c1)NC(=O)C2=C(Cl)c1ccccc1', 'COC(=O)c1ccc2c(c1)NC(=O)C2=C(Nc1ccc(N(C)C(=O)C(C)Br)cc1)c1ccccc1'], ['CC(C(=O)O)N1CCN(C)CC1', 'CC(C(=O)N(C)c1ccc(N)cc1)N1CCN(C)CC1', 'COC(=O)c1ccc2c(c1)NC(=O)C2=Cc1ccccc1'], ['CC(C(=O)N(c1ccc(N)cc1)C(C)C(=O)O)N1CCN(C)CC1', 'COC(=O)c1ccc2c(c1)NC(=O)C2=C(O)c1ccccc1'], ['CNc1ccc(NC(=C2C(=O)Nc3cc(C(=O)OC)ccc32)c2ccccc2)cc1', 'CC(C(=O)O)N1CCN(C)CC1'], ['COC(=O)c1ccc2c(c1)NC(=O)C2=C(Nc1ccc(NC(=O)C(C)Br)cc1)c1ccccc1', 'CN1CCNCC1'], ['CC(C(=O)O)N1CCN(C)CC1', 'CC(C(=O)N(C)c1ccc(N)cc1)N(C)c1ccc(N)cc1', 'COC(=O)c1ccc2c(c1)NC(=O)C2'], ['CC(C(=O)N(C)C(=O)OC(C)(C)C)N1CCN(C)CC1', 'COC(=O)c1ccc2c(c1)NC(=O)C2=C(O)c1ccccc1'], ['CC(C(=O)O)N1CCN(C)CC1', 'CN(C)C=O', 'CNc1ccc(NC(=C2C(=O)Nc3cc(C(=O)OC)ccc32)c2ccccc2)cc1'], ['CC(C(=O)O)N1CCN(C)CC1', 'COC(=O)c1ccc2c(c1)NC(=O)C2=C(O)c1ccccc1', 'Cc1ccc(S(=O)(=O)Oc2ccccc2)cc1'], ['CC(C(=O)C(C)(Nc1ccc(N)cc1)C(=O)O)N1CCN(C)CC1', 'COC(=O)c1ccc2c(c1)NC(=O)C2=C(Cl)c1ccccc1'], ['CC(C(=O)Cl)N1CCN(C)CC1', 'CNc1ccc(NC2=C3C(=O)Nc4cc(C(=O)OC)ccc4N3C(=O)C2)cc1'], ['CC(C(=O)Cl)N1CCN(C)CC1', 'CN(C(=O)N(C)c1ccc(N)cc1)c1ccc(N)cc1', 'COC(=O)c1ccc2c(c1)NC(=O)C2=C(Br)c1ccccc1'], ['CC(C(=O)O)N1CCN(C)CC1', 'CN(C(=O)C(C)(C)C)c1ccc(N)cc1', 'COC(=O)c1ccc2c(c1)NC(=O)C2=C(C(=O)O)c1ccccc1'], ['CN(C)CCN(C(=O)OC(C)(C)C)c1ccc(N)cc1', 'COC(=O)c1ccc2c(c1)NC(=O)C2=C(O)c1ccccc1'], ['CC(C(=O)O)N1CCN(C)CC1', 'COC(=O)c1ccc2c(c1)NC(=O)C2=C(O)c1ccccc1', 'Cc1ccc(N)cc1N'], ['CC(C)=O', 'CC(C(=O)N(C)c1ccc(N)cc1)N1CCN(C)CC1', 'COC(=O)c1ccc2c(c1)NC(=O)C2=C(Cl)c1ccccc1'], ['CC(=O)O[BH-](OC(C)=O)OC(C)=O', 'CC(C(=O)N(C)c1ccc(NC2=c3c(c(=O)[nH]c4ccc(Br)cc34)=C2)cc1)N1CCN(C)CC1'], ['CC(C(=O)O)N1CCN(C)CC1', 'COC(=O)c1ccc2c(c1)NC(=O)C2=C(O)c1ccccc1', 'CN(C)C(=O)C(C)(Br)c1ccccc1']]"
15,CN(N=O)c1ccc(OCc2ccccc2[N+](=O)[O-])cc1,11,0.5078543558192602,"[['CN(N)c1ccc(OCc2ccccc2[N+](=O)[O-])cc1', 'O=N[O-]'], ['CN(N=O)c1ccc(O)cc1', 'O=[N+]([O-])c1ccccc1CBr'], ['CNc1ccc(OCc2ccccc2[N+](=O)[O-])cc1', 'O=N[O-]'], ['CN(N=O)c1ccc(O)cc1', 'O=[N+]([O-])c1ccccc1CCl'], ['CI', 'O=NNc1ccc(OCc2ccccc2[N+](=O)[O-])cc1'], ['CI', 'O=[N+]([O-])c1ccccc1COc1ccc(NN=Cc2ccccc2)cc1'], ['CNN', 'O=C(Cl)c1ccc(OCc2ccccc2[N+](=O)[O-])cc1'], ['CI', 'O=C=NNc1ccc(OCc2ccccc2[N+](=O)[O-])cc1'], ['CNN', 'O=N[O-]', 'O=[N+]([O-])c1ccccc1CBr'], ['CNN=O', 'O=[N+]([O-])c1ccccc1CBr'], ['CNN', 'O=[N+]([O-])c1ccccc1CBr', '[O-]Cc1ccccc1O']]"
16,CN(N=O)c1ccc(OCc2ccc([N+](=O)[O-])cc2)cc1,12,0.5011243752098912,"[['CN(N)c1ccc(OCc2ccc([N+](=O)[O-])cc2)cc1', 'O=N[O-]'], ['CN(N=O)c1ccc(O)cc1', 'O=[N+]([O-])c1ccc(CBr)cc1'], ['CNc1ccc(OCc2ccc([N+](=O)[O-])cc2)cc1', 'O=N[O-]'], ['CN(N)c1ccc(OCc2ccc([N+](=O)[O-])cc2)cc1', '[O-][I+3]([O-])([O-])[O-]'], ['CN(N=O)c1ccc(O)cc1', 'O=[N+]([O-])c1ccc(CCl)cc1'], ['CN(N)c1ccc(O)cc1', 'O=[N+]([O-])c1ccc(CBr)cc1'], ['CN(N)c1ccc(O)cc1', 'O=[N+]([O-])c1ccc(CCl)cc1'], ['CNN', 'O=C(Cl)c1ccc(OCc2ccc([N+](=O)[O-])cc2)cc1'], ['CI', 'O=NNc1ccc(OCc2ccc([N+](=O)[O-])cc2)cc1'], ['CNN', 'O=[N+]([O-])c1ccc(COc2ccc(F)cc2)cc1'], ['CNc1ccc(OCc2ccc([N+](=O)[O-])cc2)cc1', 'NO', 'O=S(=O)([O-])[O-]'], ['CNN', 'O=[N+]([O-])c1ccc(CCl)cc1']]"
17,CCCCc1cc(-c2ccccc2)nn1Cc1ccc(C(=O)NO)cc1,7,0.28967401754523975,"[['CCCCc1cc(-c2ccccc2)nn1Cc1ccc(C(=O)OC)cc1', 'NO'], ['CCCCc1cc(-c2ccccc2)nn1Cc1ccc(C(=O)O)cc1', 'NO'], ['CCCCc1cc(-c2ccccc2)nn1Cc1ccc(C(=O)OCC)cc1', 'NO'], ['CCCCc1cc(-c2ccccc2)nn1Cc1ccc(C(=O)OC)cc1', 'CN(C)C(On1nnc2cccnc21)=[N+](C)C'], ['CCCCc1cc(-c2ccccc2)nn1Cc1ccc(C(=O)OC)cc1', 'COC(=O)c1ccc(Cn2nc(-c3ccccc3)cc2C(C)C)cc1'], ['CCCCc1cc(-c2ccccc2)nn1Cc1ccc(C(=O)OC)cc1', 'CN(C)C=O'], ['CCCCc1cc(-c2ccccc2)nn1Cc1ccc(C(=O)O)cc1', 'CCN(CC)CC']]"
18,O=C(NO)c1ccc(Cn2nc(C(=O)Nc3ccccc3)cc2C(F)(F)F)cc1,9,0.3551348134722418,"[['COC(=O)c1ccc(Cn2nc(C(=O)Nc3ccccc3)cc2C(F)(F)F)cc1', 'NO'], ['CCOC(=O)c1ccc(Cn2nc(C(=O)Nc3ccccc3)cc2C(F)(F)F)cc1', 'NO'], ['O=C(NOC1CCCCO1)c1ccc(Cn2nc(C(=O)Nc3ccccc3)cc2C(F)(F)F)cc1'], ['CC(C)(C)OC(=O)NO', 'O=C(O)c1ccc(Cn2nc(C(=O)Nc3ccccc3)cc2C(F)(F)F)cc1'], ['CC(C)(C)OC(=O)N(OC(C)(C)C)C(=O)c1ccc(Cn2nc(C(=O)Nc3ccccc3)cc2C(F)(F)F)cc1'], ['CC(C)(C)[Si](C)(C)ONC(=O)c1ccc(Cn2nc(C(=O)Nc3ccccc3)cc2C(F)(F)F)cc1'], ['CC(C)(C)OC(=O)c1ccc(Cn2nc(C(=O)Nc3ccccc3)cc2C(F)(F)F)cc1', 'NO'], ['CC(C)(C)OC(=O)NOCc1ccc(Cn2nc(C(=O)Nc3ccccc3)cc2C(F)(F)F)cc1'], ['CC(C)(C)OC(=O)NO', 'Cc1ccc(S(=O)(=O)OCCC[Si](C)(C)C)cc1', 'O=C(Nc1ccccc1)c1ccc(Cn2nc(C(F)(F)F)cc2C(F)(F)F)cc1']]"
19,CCn1ccc2c(Cc3ccc(C(F)(F)F)nc3)n(C)nc2c1=O,26,0.576005884033402,"[['CCI', 'Cn1nc(Cc2ccc(C(F)(F)F)nc2)c2ccnc(=O)c-2n1'], ['CCn1ccc2c(Cc3ccc(C(F)(F)F)nc3)[nH]nc2c1=O', 'O=C([O-])[O-]'], ['CCI', 'Cn1nc2c(=O)nccc-2c(Cc2ccc(C(F)(F)F)nc2)c1[N+](=O)[O-]'], ['CCI', 'Cn1nc2c(=O)nccc-2c(Cc2ccc(C(F)(F)F)nc2)c1N'], ['CCI', 'Cn1nc2c(=O)nccc-2c(Cc2ccc(C(F)(F)F)nc2)c1Br'], ['CCI', 'Cn1nc2c(OS(=O)(=O)C(F)(F)F)nccc2c1Cc1ccc(C(F)(F)F)nc1'], ['CCI', 'Cn1nc2c(=O)nccc-2c(Cc2ccc(C(F)(F)F)nc2)c1-c1ccccc1'], ['CCI', 'Cn1nc2c(=O)[nH]ccc2c(Cc2ccc(C(F)(F)F)nc2)c1=O'], ['CCn1ccc(C(=O)Cc2ccc(C(F)(F)F)nc2)c(N)c1=O'], ['CCI', 'Cn1nc2c(=O)nccc-2c(Cc2ccc(C(F)(F)F)nc2)c1O'], ['CCn1ccc2c(Cc3ccc(C(F)(F)F)nc3)[nH]nc2c1=O', 'O=S(=O)([O-])C(F)(F)F'], ['CCn1ccc2c(Cc3ccc(C(F)(F)F)nc3)[nH]nc2c1=O'], ['CCn1ccc(C(=O)N(C)OC)c(NN)c1=O', 'O=C(O)Cc1ccc(C(F)(F)F)nc1'], ['CCn1ccc2c(C(=O)c3ccc(C(F)(F)F)nc3)n(C)nc2c1=O'], ['CCn1ccc2c(OS(=O)(=O)C(F)(F)F)n(C)nc2c1=O', 'OB(O)c1ccc(C(F)(F)F)nc1'], ['CCI', 'Cn1nc2c(=O)[n+](C)ccc-2c(Cc2ccc(C(F)(F)F)nc2)c1Cl'], ['CCI', 'Cn1nc2c(=O)nccc-2c(Cc2ccc(C(F)(F)F)nc2)c1C=O'], ['CCNC(=O)c1nn(C)c(Cc2ccc(C(F)(F)F)nc2)c1C'], ['CCn1ccc2c(Cc3ccc(C(F)(F)F)nc3)[nH]nc2c1=O', 'CN(C)C=O'], ['CCn1ccc2c(C(OS(C)(=O)=O)c3ccc(C(F)(F)F)nc3)n(C)nc2c1=O'], ['CCI', 'Cn1nc2c(=O)nccc-2c(Cc2ccc(C(F)(F)F)nc2)c1C(=O)[O-]'], ['CCn1ccc(C(=O)Cc2ccc(C(F)(F)F)nc2)c(N)c1=O', 'CNN'], ['CCn1ccc2c(Cc3ccc(C(F)(F)F)nc3)nnc-2c1OC(C)=O'], ['CCn1ccc(C(=O)NN(C)Cc2ccc(C(F)(F)F)nc2)c(CO)c1=O'], ['CCNC(=O)c1c(Cl)ccnc1Cl', 'Cn1nc(Cc2ccc(C(F)(F)F)nc2)c2ccc(Br)cc21'], ['CCOC(=O)c1c(C)cccc1-c1ccc(O)cc1CC', 'Cn1nc2c(=O)n(C)ccc2c1Cc1ccc(C(F)(F)F)nc1']]"
20,CCn1cc(C)c2c(Cc3ccc(C(F)(F)F)nc3)n(C)nc2c1=O,32,0.5748560313590982,"[['CCI', 'Cc1c[nH]c(=O)c2nn(C)c(Cc3ccc(C(F)(F)F)nc3)c12'], ['CCn1cc(C)c2c(Cc3ccc(C(F)(F)F)nc3)[nH]nc2c1=O', 'O=C([O-])[O-]'], ['CCn1cc(C)c2c(Cc3ccc(C(F)(F)F)nc3)[nH]nc2c1=O', 'CI'], ['CCn1cc(C)c(C(=O)Cc2ccc(C(F)(F)F)nc2)c(N)c1=O'], ['CCn1cc(C)c(C(=O)OC)c(NN)c1=O', 'O=C(O)Cc1ccc(C(F)(F)F)nc1'], ['CCn1cc(C)c(C(=O)Cc2ccc(C(F)(F)F)nc2)c(Cl)c1=O', 'CNN'], ['CCn1cc(C)c2c(C(=O)c3ccc(C(F)(F)F)nc3)n(C)nc2c1=O'], ['CCn1cc(C)c(C(=O)O)c(NN(C)C(=O)OC(C)(C)C)c1=O', 'O=C(O)Cc1ccc(C(F)(F)F)nc1'], ['CCn1cc(C)c2c(CBr)n(C)nc2c1=O', 'FC(F)(F)c1ccc(CBr)cn1'], ['CCn1cc(C)c(C(=O)NN(C)Cc2ccc(C(F)(F)F)nc2)c(C)c1=O'], ['CCNC(=O)c1nn(C)c(Cc2ccc(C(F)(F)F)nc2)c1C(C)=O'], ['CCn1cc(C)c(C(=O)NN(C)Cc2ccc(C(F)(F)F)nc2)c(C(=O)O)c1=O'], ['CCn1cc(C)c(C(=O)NN(C)C(=O)Cc2ccc(C(F)(F)F)nc2)c1'], ['CCn1cc(C)c2c(Cc3ccc(C(F)(F)F)nc3)[nH]nc2c1=O', '[Li]CCCC'], ['CCn1cc(C)c(C(=O)NN(C)C(=O)Cc2ccc(C(F)(F)F)nc2)c(O)c1=O'], ['CCn1cc(C)c(C(=O)OC)c(NNC(=O)Cc2ccc(C(F)(F)F)nc2)c1=O'], ['CCn1cc(C)c(C(=O)O)c(N(C)N)c1=O', 'O=C(O)Cc1ccc(C(F)(F)F)nc1'], ['CCOC(=O)c1nn(C)c(Cc2ccc(C(F)(F)F)nc2)c1C(C)=O', 'CC[O-]'], ['CCn1cc(C)c2c(CBr)n(C)nc2c1=O', 'FC(F)(F)c1ccc([Zn+])cn1'], ['CCNCC', 'Cc1c[nH]c(=O)c2nn(C)c(Cc3ccc(C(F)(F)F)nc3)c12'], ['CCn1cc(C)c(C(=O)Cc2ccc(C(F)(F)F)nc2)c(N)c1=O', 'CO'], ['CCn1cc(C)c(C(=O)OC)c(N)c1=O', 'O=C(O)C(=O)Cc1ccc(C(F)(F)F)nc1'], ['CCn1cc(C)c(C#N)c(Cc2ccc(C(F)(F)F)nc2)c1=O', 'COS(=O)(=O)OC'], ['CCI', 'Cc1cnc(N)c2nn(C)c(Cc3ccc(C(F)(F)F)nc3)c12'], ['CCn1cc(C)c(C(=O)N(C)OC)c(O)c1=O', 'Cc1ccc(C(F)(F)F)nc1'], ['CCNCC(C)=O', 'CCOC(=O)c1nn(C)c(Cc2ccc(C(F)(F)F)nc2)c1Br'], ['CCN1CC(C)c2c(n[nH]c2Cc2ccc(C(F)(F)F)nc2)C1=O'], ['CCn1cc(C)c(C#N)c(NC)c1=O', 'O=N[O-]', 'O=C(Cl)Cc1ccc(C(F)(F)F)nc1'], ['CCn1cc(C)c(C#N)c(OC)c1=O', 'Cn1[nH]c(=O)c(Cl)c1Cc1ccc(C(F)(F)F)nc1'], ['CCNCC(C)=O', 'CNc1c(Cc2ccc(C(F)(F)F)nc2)nn(C)c1C(=O)O'], ['CCn1cc(C)c(C(=O)OC)c(N)c1=O', 'CN(C)C(On1nnc2ccccc21)=[N+](C)C'], ['CCn1cc(C)c(C(=O)OC)c(N(C)N)c1=O', 'CNOC(=O)Cc1ccc(C(F)(F)F)nc1']]"
21,Cc1ncsc1-c1ccc(CNC(=O)C2CC(O)CN2C(=O)C(NC(=O)CN(C)CCCCCCOc2cnc3c(C4CCN(C(=O)c5ccc(OC(F)(F)F)cc5)CC4)ncnc3c2)C(C)(C)C)cc1,17,0.3292082199491187,"[['CNCCCCCCOc1cnc2c(C3CCN(C(=O)c4ccc(OC(F)(F)F)cc4)CC3)ncnc2c1', 'Cc1ncsc1-c1ccc(CNC(=O)C2CC(O)CN2C(=O)C(N)C(C)(C)C)cc1'], ['Cc1ncsc1-c1ccc(CNC(=O)C2CC(O)CN2C(=O)C(NC(=O)CN(C)CCCCCCOc2cnc3c(C4CCNCC4)ncnc3c2)C(C)(C)C)cc1', 'O=C(O)c1ccc(OC(F)(F)F)cc1'], ['CN(CCCCCCOc1cnc2c(C3CCN(C(=O)c4ccc(OC(F)(F)F)cc4)CC3)ncnc2c1)CC(=O)O', 'Cc1ncsc1-c1ccc(CNC(=O)C2CC(O)CN2C(=O)C(N)C(C)(C)C)cc1'], ['CN(CCCCCCOc1cnc2c(C3CCN(C(=O)c4ccc(OC(F)(F)F)cc4)CC3)ncnc2c1)CC(=O)O', 'Cc1ncsc1-c1ccc(CNC(=O)C2CC(O)CN2)cc1'], ['Cc1ncsc1-c1ccc(CNC(=O)C2CC(O)CN2C(=O)C(NC(=O)CN(C)CCCCCCOc2cnc3c(C4CCNCC4)ncnc3c2)C(C)(C)C)cc1', 'O=C(Cl)c1ccc(OC(F)(F)F)cc1'], ['Cc1ncsc1-c1ccc(CNC(=O)C2CC(O)CN2)cc1', 'Cc1ncoc1-c1ccc(CNC(=O)C2CC(O)CN2C(=O)C(NC(=O)CN(C)CCCCCCOc2cnc3c(C4CCN(C(=O)c5ccc(OC(F)(F)F)cc5)CC4)ncnc3c2)C(C)(C)C)cc1'], ['Cc1ncsc1-c1ccc(CNC(=O)C2CC(O)CN2)cc1', 'Cc1ncsc1-c1ccc(CNC(=O)C2CC(O)CN2C(=O)C(NC(=O)CN(C)CCCCCCOc2cnc3c(C4CCNCC4)ncnc3c2)C(C)(C)C)cc1'], ['Cc1ncsc1-c1ccc(CNC(=O)C2CC(O)CN2C(=O)C(N)C(C)(C)C)cc1', 'O=C(O)CN(CCCCCCOc1cnc2c(C3CCN(C(=O)c4ccc(OC(F)(F)F)cc4)CC3)ncnc2c1)C(=O)O'], ['CNCCCCCCOc1cnc2c(C3CCN(C(=O)c4ccc(OC(F)(F)F)cc4)CC3)ncnc2c1', 'Cc1ncsc1-c1ccc(CNC(=O)C2CC(O)CN2C(=O)C(NC(=O)CN(C)CCCCCCCOc2cnc3c(C4CCNCC4)ncnc3c2)C(C)(C)C)cc1'], ['CNCCCCCCOc1cnc2c(C3CCN(C(=O)c4ccc(OC(F)(F)F)cc4)CC3)ncnc2c1', 'Cc1ncsc1-c1ccc(CNC(=O)C2CC(O)CN2C(=O)C(NC(=O)CNCCCCCCCOc2cnc3c(C4CCNCC4)ncnc3c2)C(C)(C)C)cc1'], ['Cc1ncsc1-c1ccc(CNC(=O)C2CC(O)CN2C(=O)C(N)C(C)(C)C)cc1', 'CN(CCCCCCOc1cnc2c(C3CCN(C(=O)c4ccc(OC(F)(F)F)cc4)CC3)ncnc2c1)CC(=O)O'], ['Cc1ncsc1-c1ccc(CNC(=O)C2CC(O)CN2C(=O)C(N)C(C)(C)C)cc1', 'O=C(O)C(F)(F)F', 'CN(CCCCCCOc1cnc2c(C3CCN(C(=O)c4ccc(OC(F)(F)F)cc4)CC3)ncnc2c1)CC(=O)O'], ['CN(CCCCCCOc1cnc2c(C3CCN(C(=O)c4ccc(OC(F)(F)F)cc4)CC3)ncnc2c1)CC(=O)NC1CC(O)C1', 'Cc1ncsc1-c1ccc(CNC(=O)C2CC(O)CN2)cc1'], ['CC(C)(C)C(N)=O', 'Cc1ncsc1-c1ccc(CNC(=O)C2CC(O)CN2C(=O)C(N)C(C)(C)C)cc1', 'O=C(O)CN(CCCCCCOc1cnc2c(C3CCN(C(=O)c4ccc(OC(F)(F)F)cc4)CC3)ncnc2c1)C(=O)O'], ['CC(C)(C)C(N)=O', 'Cc1ncsc1-c1ccc(CNC(=O)C2CC(O)CN2)cc1', 'O=C(O)CNCCCCCCOc1cnc2c(C3CCN(C(=O)c4ccc(OC(F)(F)F)cc4)CC3)ncnc2c1'], ['CC(=O)O[BH-](OC(C)=O)OC(C)=O', 'CN(CCCCCCOc1cnc2c(C3CCN(C(=O)c4ccc(OC(F)(F)F)cc4)CC3)ncnc2c1)CC(=O)N[C@H](C(=O)N1CCC(C(=O)NCc2ccc(-c3cnc(Cl)cn3)cc2)C1)C(C)(C)C'], ['CC(C)(C)OC(=O)N1CCC(c2ncnc3cc4cnc2SC(c2ccc(C(F)(F)F)nc2)=CC=C2NC(=O)C2CC(O)CNC3C(=O)NCC(=O)NCCCCCCO4)CC1', 'Cc1ncsc1-c1ccc(CN)cc1']]"
22,Cc1ncsc1-c1ccc(CNC(=O)C2CC(O)CN2C(=O)C(NC(=O)CCOCCNC(=O)COc2cnc3c(C4CCN(C(=O)c5ccc(OC(F)(F)F)cc5)CC4)ncnc3c2)C(C)(C)C)cc1,18,0.32959593472272475,"[['Cc1ncsc1-c1ccc(CNC(=O)C2CC(O)CN2C(=O)C(N)C(C)(C)C)cc1', 'O=C(O)COc1cnc2c(C3CCN(C(=O)c4ccc(OC(F)(F)F)cc4)CC3)ncnc2c1'], ['Cc1ncsc1-c1ccc(CNC(=O)C2CC(O)CN2C(=O)C(NC(=O)CCOCCN)C(C)(C)C)cc1', 'O=C(O)COc1cnc2c(C3CCN(C(=O)c4ccc(OC(F)(F)F)cc4)CC3)ncnc2c1'], ['Cc1ncsc1-c1ccc(CN)cc1', 'CC(C)(C)C(NC(=O)CCOCCNC(=O)COc1cnc2c(C3CCN(C(=O)c4ccc(OC(F)(F)F)cc4)CC3)ncnc2c1)C(=O)N1CC(O)CC1C(=O)O'], ['Cc1ncsc1-c1ccc(CNC(=O)C2CC(O)CN2)cc1', 'O=C(O)CCOCCNC(=O)COc1cnc2c(C3CCN(C(=O)c4ccc(OC(F)(F)F)cc4)CC3)ncnc2c1'], ['Cc1ncsc1-c1ccc(CNC(=O)C2CC(O)CN2C(=O)C(NC(=O)CCOCCNC(=O)COc2cnc3c(C4CCNCC4)ncnc3c2)C(C)(C)C)cc1', 'O=C(O)c1ccc(OC(F)(F)F)cc1'], ['Cc1ncsc1-c1ccc(CNC(=O)C2CC(O)CN2)cc1', 'O=C(COc1cnc2c(C3CCN(C(=O)c4ccc(OC(F)(F)F)cc4)CC3)ncnc2c1)NCCOCCC(=O)NC(C(=O)O)C(F)(F)F'], ['Cc1ncsc1-c1ccc(CNC(=O)C2CC(O)CN2)cc1', 'O=C(O)COc1cnc2c(C3CCN(C(=O)c4ccc(OC(F)(F)F)cc4)CC3)ncnc2c1'], ['Cc1ncsc1-c1ccc(CNC(=O)C2CC(O)CN2)cc1', 'O=C(O)C(F)(F)F', 'O=C(O)COc1cnc2c(C3CCN(C(=O)c4ccc(OC(F)(F)F)cc4)CC3)ncnc2c1'], ['Cc1ncsc1-c1ccc(CNC(=O)C2CC(O)CN2)cc1', 'CC(C)(C)C(NC(=O)CCOCCNC(=O)COc1cnc2c(C3CCN(C(=O)c4ccc(OC(F)(F)F)cc4)CC3)ncnc2c1)C(=O)O'], ['Cc1ncsc1-c1ccc(CNC(=O)C2CC(O)CN2)cc1', 'O=C(COc1cnc2c(C3CCN(C(=O)c4ccc(OC(F)(F)F)cc4)CC3)ncnc2c1)NCCOCCC(=O)NC1CC(O)C1'], ['CC(C)(C)C(N)C(=O)O', 'Cc1ncsc1-c1ccc(CNC(=O)C2CC(O)CN2C(=O)C(N)C(C)(C)C)cc1', 'O=C(O)COc1cnc2c(C3CCN(C(=O)c4ccc(OC(F)(F)F)cc4)CC3)ncnc2c1'], ['CC(C)(C)OC(=O)N1CCC(c2ncnc3cc(OCC(=O)NCCOCCC(=O)O)cnc23)CC1', 'Cc1ncsc1-c1ccc(CNC(=O)C2CC(O)CN2C(=O)C(N)C(C)(C)C)cc1'], ['Cc1ncsc1-c1ccc(CNC(=O)C2CC(O)CN2)cc1', 'O=C(O)C(F)(F)F', 'O=C(O)CCOCCNC(=O)COc1cnc2c(C3CCN(C(=O)c4ccc(OC(F)(F)F)cc4)CC3)ncnc2c1'], ['Cc1ncsc1-c1ccc(CNC(=O)C2CC(O)CN2C(=O)C(NC(=O)CCOCCNC(=O)COc2cnc3c(C4=CCN(C(=O)OC(C)(C)C)CC4)ncnc3c2)C(C)(C)C)cc1'], ['CC(C)(C)C(NC(=O)CCOCCNC(=O)COc1cnc2c(C3CCN(C(=O)c4ccc(OC(F)(F)F)cc4)CC3)ncnc2c1)C(=O)N1CCC(C(=O)O)C1', 'Cc1ncsc1-c1ccc(CN)cc1'], ['Cc1ncsc1-c1ccc(CNC(=O)C2CC(O)CN2)cc1', 'O=C(COc1cnc2c(C3CCN(C(=O)c4ccc(OC(F)(F)F)cc4)CC3)ncnc2c1)NC(C(=O)O)C(C(=O)O)C(F)(F)F'], ['Cc1ncsc1-c1ccc(CNC(=O)C2CC(O)CN2)cc1', 'O=C(O)CN(C(=O)COCCC(=O)N1CCOCC1)C(=O)COc1cnc2c(C3CCN(C(=O)c4ccc(OC(F)(F)F)cc4)CC3)ncnc2c1'], ['CC(C)(C)C(N)C(=O)N1CCC(c2ncnc3cc(OCC(=O)NCCOCCC(=O)O)cnc23)CC1', 'Cc1ncsc1-c1ccc(CN)cc1', 'O=C(O)C(F)(F)F']]"
23,O=C(c1ccc(S(=O)(=O)Nc2ccccc2)cc1)N(Cc1ccc(NCCO)cc1)CC1CC1,21,0.39554372987457836,"[['NCCO', 'O=C(c1ccc(S(=O)(=O)Nc2ccccc2)cc1)N(Cc1ccc(Br)cc1)CC1CC1'], ['Nc1ccc(CN(CC2CC2)C(=O)c2ccc(S(=O)(=O)Nc3ccccc3)cc2)cc1', 'OCCBr'], ['CC(C)(C)[Si](C)(C)OCCNc1ccc(CN(CC2CC2)C(=O)c2ccc(S(=O)(=O)Nc3ccccc3)cc2)cc1'], ['Nc1ccccc1', 'O=C(c1ccc(S(=O)(=O)Nc2ccccc2)cc1)N(Cc1ccc(Br)cc1)CC1CC1'], ['CC(=O)OCCNc1ccc(CN(CC2CC2)C(=O)c2ccc(S(=O)(=O)Nc3ccccc3)cc2)cc1'], ['Nc1ccccc1', 'O=C(c1ccc(S(=O)(=O)Nc2ccccc2)cc1)N(CC1CC1)CC1CC1'], ['O=C(c1ccc(S(=O)(=O)Nc2ccccc2)cc1)N(Cc1ccc(Br)cc1)CC1CC1', 'NCCO'], ['CC(C)(C)OC(=O)N(CCO)c1ccc(CN(CC2CC2)C(=O)c2ccc(S(=O)(=O)Nc3ccccc3)cc2)cc1'], ['NCCO', 'O=C(c1ccc(S(=O)(=O)Nc2ccccc2)cc1)N(CC1CC1)CC1CC1'], ['COC(=O)CNc1ccc(CN(CC2CC2)C(=O)c2ccc(S(=O)(=O)Nc3ccccc3)cc2)cc1'], ['Nc1ccc(CN(CC2CC2)C(=O)c2ccc(S(=O)(=O)Nc3ccccc3)cc2)cc1', 'OCCCl'], ['O=C(Cl)c1ccc(S(=O)(=O)Nc2ccccc2)cc1', 'OCCNc1ccc(CNCC2CC2)cc1'], ['Nc1ccc(CN(CC2CC2)C(=O)c2ccc(S(=O)(=O)Nc3ccccc3)cc2)cc1', 'O=CCO'], ['Nc1ccccc1', 'O=CCNc1ccc(CN(CC2CC2)C(=O)c2ccc(S(=O)(=O)Cl)cc2)cc1'], ['Nc1ccccc1', 'O=C(c1ccc(S(=O)(=O)Cl)cc1)N(Cc1ccc(Br)cc1)CC1CC1'], ['O=C(c1ccc(S(=O)(=O)Nc2ccccc2)cc1)N(Cc1ccc(N2CCOCC2=O)cc1)CC1CC1'], ['O=C(c1ccc(S(=O)(=O)Nc2ccccc2)cc1)N(Cc1ccc(N2CCOCC2)cc1)CC1CC1'], ['Nc1ccc(CN(CC2CC2)C(=O)c2ccc(S(=O)(=O)Nc3ccccc3)cc2)cc1', 'O=CCCl'], ['O=C(c1ccc(S(=O)(=O)Nc2ccccc2)cc1)N(Cc1ccc(N(CCO)Cc2ccccc2)cc1)CC1CC1'], ['Nc1ccccc1', 'O=C(c1ccc(S(=O)(=O)Cl)cc1)N(Cc1ccc(Cl)cc1)CC1CC1'], ['CN(C)C=O', 'NCCO', 'O=C(NCC1CC1)c1ccc(S(=O)(=O)Nc2ccccc2)cc1']]"
24,CCCC(=O)N(Cc1ccccc1)Cc1ccc(S(=O)(=O)Nc2ccccc2)cc1,6,0.513706853225345,"[['CCCC(=O)Cl', 'O=S(=O)(Nc1ccccc1)c1ccc(CNCc2ccccc2)cc1'], ['CCCC(=O)N(Cc1ccccc1)Cc1ccc(S(=O)(=O)Cl)cc1', 'Nc1ccccc1'], ['CCCC(=O)Cl', 'NCc1ccccc1', 'O=S(=O)(Nc1ccccc1)c1ccc(CBr)cc1'], ['CCCC(=O)Cl', 'NCc1ccccc1', 'O=S(=O)(Nc1ccccc1)c1ccc(CNc2ccccc2)cc1'], ['CCCC(=O)N(Cc1ccccc1)Cc1ccc(S(=O)(=O)Oc2c(F)c(F)c(F)c(F)c2F)cc1', 'CCN(C(C)C)C(C)C'], ['CCCC(=O)Cl', 'NCc1ccccc1']]"
25,COc1ccc(CN2C3CC2CN(c2ccc(-c4cc(-c5cnn(CCCCC(=O)NC(C(=O)N6CC(O)CC6C(=O)NC(C)c6ccc(-c7scnc7C)cc6)C(C)(C)C)c5)cn5ncc(C#N)c45)cn2)C3)cn1,18,0.4512516996785165,"[['Cc1ncsc1-c1ccc(C(C)N)cc1', 'COc1ccc(CN2C3CC2CN(c2ccc(-c4cc(-c5cnn(CCCCC(=O)NC(C(=O)O)C(C)(C)C)c5)cn5ncc(C#N)c45)cn2)C3)cn1'], ['Cc1ncsc1-c1ccc(C(C)N)cc1', 'COc1ccc(CN2C3CC2CN(c2ccc(-c4cc(-c5cnn(CCCCC(=O)NC(C(=O)O)C(C)(C)C)c5)cn5ncc(C#N)c45)cc2)C3)nc1'], ['Cc1ncsc1-c1ccc(C(C)N)cc1', 'COc1ccc(CN2C3CC2CN(c2ccc(-c4cc(-c5cnn(CCCCC(=O)NC(C(=O)O)C(C)(C)C)c5)cn5ncc(C#N)c45)cn2)C3)nc1'], ['COc1ccc(CN2C3CC2CN(c2ccc(-c4cc(-c5cnn(CCCCC(=O)O)c5)cn5ncc(C#N)c45)cc2)C3)nc1', 'Cc1nscc1-c1ccc(C2CC(O)CN2C(=O)C(N)C(C)(C)C)cc1'], ['Cc1ncsc1-c1ccc(C(C)N)cc1', 'COc1ccc(CN2C3CC2CN(c2ccc(-c4cc(-c5cnn(CCCCC(=O)O)c5)cn5ncc(C#N)c45)cn2)C3)nc1'], ['Cc1ncsc1-c1ccc(C(C)N)cc1', 'COc1ccc(CN2C3CC2CN(c2ccc(-c4cc(-c5cnn(CCCCC(=O)O)c5)cn5ncc(C#N)c45)cn2)C3)cn1', 'O=C(n1ccnc1)n1ccnc1'], ['COc1ccc(CN2C3CC2CN(c2ccc(-c4cc(-c5cnn(CCCCC(=O)O)c5)cn5ncc(C#N)c45)cc2)C3)cn1', 'Cc1ncc(-c2ccc(C3CC(O)CN(C(=O)C(N)C(N)=O)C3)cc2)s1'], ['CC(N)c1ccc(-c2nccs2)cc1', 'COc1ccc(CN2C3CC2CN(c2ccc(-c4cc(-c5cnn(CCCCC(=O)O)c5)cn5ncc(C#N)c45)cn2)C3)cn1'], ['COc1ccc(CN2C3CC2CN(c2ccc(-c4cc(-c5cnn(CCCC(=O)O)c5)cn5ncc(C#N)c45)cn2)C3)cn1', 'Cc1ncsc1-c1ccc(C2CC(O)CN2C(=O)C(N)C(C)(C)C)cc1'], ['CC(N)c1cc(-c2nccs2)cc(C(C)N)c1', 'COc1ccc(CN2C3CC2CN(c2ccc(-c4cc(-c5cnn(CCCCC(=O)NC(C(=O)O)C(C)(C)C)c5)cn5ncc(C#N)c45)cn2)C3)cn1'], ['CNC(c1ccc(-c2scnc2C)cc1)C1CC(O)CN1', 'COc1ccc(CN2C3CC2CN(c2ccc(-c4cc(-c5cnn(CCCCC(=O)O)c5)cn5ncc(C#N)c45)cn2)C3)cn1'], ['COc1ccc(CN2C3CC2N=CC(c2cc(-c4cnn(CCCCC(=O)NC(C(=O)O)C(C)(C)C)c4)cn4ncc(C#N)c24)=CC=C2N=CN2C3)cn1', 'Cc1nscc1-c1ccc(C(C)N)cc1'], ['CC(N)c1cc(-c2nccs2)cc(C(C)N)c1', 'COc1ccc(CN2C3CC2N=CC(c2cc(-c4cnn(CCCCC(=O)NC(C(=O)OC(C)(C)C)C(=O)OC(C)(C)C)c4)cn4ncc(C#N)c24)=CC=C2N=CN2C3)cn1'], ['CN(C(=O)C1CNCC(O)C1)c1ccc(-c2cscn2)cc1', 'COc1ccc(CN2C3CC2CN(c2ccc(-c4cc(-c5cnn(CCCCC(=O)NC(=O)OC(C)(C)C)c5)cn5ncc(C#N)c45)cn2)C3)nc1'], ['COc1ccc(CN2C3CC2CN(c2ccc(B4OC(C)(C)C(C)(C)O4)cn2)C3)cn1', 'Cc1ncsc1-c1ccc(C(C)NC(=O)C2CC3CC(C2)N(C(=O)C(NC(=O)CCCCn2cc(-c4ccc(Cl)cn4)cn2)C(C)(C)C)CC(N)C(=O)O3)cc1'], ['CNc1cc(-c2nccs2)ccc1C(C)NC(=O)[C@@H]1C[C@@H](O)CN1', 'COc1ccc(CN2C3CC2CN(c2ccc(-c4cc(-c5cnn(CCCCC(=O)O)c5)cn5ncc(C#N)c45)cn2)C3)cn1'], ['COc1ccc(CN2C3CC2CN(c2ccc(-c4cc(-c5cnn(CCCCC(=O)O)c5)cn5ncc(C#N)c45)cc2)C3)nc1', 'Cc1nscc1-c1ccc(C(=O)NC(C)C2CC(O)CN2C(=O)C(N)C2CCNCC2)cc1'], ['CCN(CC)CC', 'CN(C)C=O', 'COc1ccc(CN2C3CC2CN(c2ccc(-c4cc(-c5cnn(CCCCC(=O)O)c5)cn5ncc(C#N)c45)cc2)C3)cn1', 'Cc1nscc1-c1ccc(C(=O)N[C@@H](C(=O)N2C[C@@H](O)C[C@H](NC(=O)OC(C)(C)C)C2)C(C)(C)C)cc1']]"
26,COc1ccc(CN2C3CC2CN(c2ccc(-c4cc(-c5cnn(CCC#Cc6cccc7c6CN(C6CCC(=O)NC6=O)C7=O)c5)cn5ncc(C#N)c45)cn2)C3)cn1,8,0.5155619518692779,"[['CC1(C)OB(c2cnn(CCC#Cc3cccc4c3CN(C3CCC(=O)NC3=O)C4=O)c2)OC1(C)C', 'COc1ccc(CN2C3CC2CN(c2ccc(-c4cc(Br)cn5ncc(C#N)c45)cn2)C3)cn1'], ['CC1(C)OB(c2cnn(CCC#Cc3cccc4c3CN3C(=O)C(=O)NC(=O)CCC43)c2)OC1(C)C', 'COc1ccc(CN2C3CC2CN(c2ccc(-c4cc(Br)cn5ncc(C#N)c45)cn2)C3)cn1'], ['COc1ccc(CN2C3CC2CN(c2ccc(B4OC(C)(C)C(C)(C)O4)cn2)C3)cn1', 'N#Cc1cnn2cc(-c3cc(Br)cn4ncc(C#N)c34)cnc12'], ['CC(C)(C)OC(=O)N1CCC(=O)NC1=O', 'COc1ccc(CN2C3CC2CN(c2ccc(-c4cc(-c5cnn(CCC#Cc6cccc7c6CNC7=O)c5)cn5ncc(C#N)c45)cn2)C3)cn1'], ['COc1ccc(CN2C3CNCC2C3)cn1', 'N#Cc1cnn2cc(-c3cc(-c4cnn(CCC#Cc5cccc6c5CN5C(=O)C(=O)NC(=O)CCC65)c4)cn3F)cc(C#N)c12'], ['C#CCCn1cc(-c2cnn3ncc(C#N)c3c2)cn1', 'COc1ccc(CN2C3CC2CN(c2ccc(-c4cc(-c5cnn(CCOS(C)(=O)=O)c5)cn5ncc(C#N)c45)cn2)C3)cn1'], ['C#CCCn1cc(-c2cc(-c3ccc(N4CC5CC5NC4=O)cn3)c3c(C#N)cnn3c2)cn1', 'CC1(C)OB(c2cccc3c2CN(C2CCC(=O)NC2=O)C3=O)OC1(C)C', 'O=C([O-])[O-]'], ['C#CCCn1cc(-c2cc(-c3ccc(N4CC5CN(Cc6ccc(OC)nc6)C5C4)nc3)c3c(C#N)cnn3c2)cn1', 'C#Cc1cc(C#N)c2c(I)cnn2c1', 'C[Si](C)(C)N=C=O']]"
27,CC(C)n1cc(-n2nc(C(=O)Nc3cccc(C(=O)O)c3)c3c2C(=O)N(Cc2ccccc2)CC3)cn1,8,0.24837592443264245,"[['COC(=O)c1cccc(NC(=O)c2nn(-c3cnn(C(C)C)c3)c3c2CCN(Cc2ccccc2)C3=O)c1'], ['CC(C)n1cc(-n2nc(C(=O)O)c3c2C(=O)N(Cc2ccccc2)CC3)cn1', 'Nc1cccc(C(=O)O)c1'], ['CCOC(=O)c1cccc(NC(=O)c2nn(-c3cnn(C(C)C)c3)c3c2CCN(Cc2ccccc2)C3=O)c1'], ['CC(C)n1cc(-n2nc(C(=O)Nc3cccc(C(=O)OC(C)(C)C)c3)c3c2C(=O)N(Cc2ccccc2)CC3)cn1'], ['CC(C)n1cc(-n2nc(C(=O)Nc3cccc(C(=O)OCc4ccccc4)c3)c3c2C(=O)N(Cc2ccccc2)CC3)cn1'], ['CC(C)n1cc(-n2nc(C(=O)O)c3c2C(=O)N(Cc2ccccc2)CC3)cn1', 'COC(=O)c1cccc(N)c1'], ['CC(C)n1cc(-n2nc(C(=O)O)c3c2C(=O)N(Cc2ccccc2)CC3)cn1', 'CCOC(=O)c1cccc(N)c1'], ['CC(C)n1cc(-n2nc(C(=O)Nc3cccc(C#N)c3)c3c2C(=O)N(Cc2ccccc2)CC3)cn1', 'CC(C)n1cc(-n2nc(C(=O)Nc3cccc(C#N)c3)c3c2C(=O)N(Cc2ccccc2)CC3)cn1']]"
28,COc1ccc(Cn2nc(C(=O)Nc3ccccc3C(=O)O)c3c2CCN(Cc2ccccc2)C3)cc1,15,0.39890956730011834,"[['COC(=O)c1ccccc1NC(=O)c1nn(Cc2ccc(OC)cc2)c2c1CN(Cc1ccccc1)CC2'], ['COC(=O)c1ccccc1NC(=O)c1nn(Cc2ccc(OC)cc2)c2c1CCN(Cc1ccccc1)C2'], ['COc1ccc(Cn2nc(C(=O)O)c3c2CCN(Cc2ccccc2)C3)cc1', 'Nc1ccccc1C(=O)O'], ['CCOC(=O)c1ccccc1NC(=O)c1nn(Cc2ccc(OC)cc2)c2c1CN(Cc1ccccc1)CC2'], ['COc1ccc(Cn2nc(C(=O)Nc3ccccc3C(=O)OC(C)(C)C)c3c2CCN(Cc2ccccc2)C3)cc1'], ['CCOC(=O)c1ccccc1NC(=O)c1nn(Cc2ccc(OC)cc2)c2c1CCN(Cc1ccccc1)C2'], ['COc1ccc(Cn2nc(C(=O)Nc3ccccc3C(=O)OC(C)(C)C)c3c2CCNC3)cc1'], ['COc1ccc(Cn2nc(C(=O)Cl)c3c2CCN(Cc2ccccc2)C3)cc1', 'Nc1ccccc1C(=O)O'], ['CCOC(=O)c1ccccc1NC(=O)c1n[nH]c2c1CN(Cc1ccccc1)CC2', 'COc1ccc(Cn2nc(C(=O)O)c3c2CN(Cc2ccccc2)CC3)cc1'], ['COC(=O)c1ccccc1NC(=O)c1n[nH]c2c1CN(Cc1ccccc1)CC2', 'COc1ccc(CCl)cc1'], ['COC(=O)c1ccccc1NC(=O)c1n[nH]c2c1CCN(Cc1ccccc1)C2', 'COc1ccc(CCl)cc1'], ['COC(=O)c1ccccc1NC(=O)c1n[nH]c2c1CN(Cc1ccccc1)CC2', 'COc1ccc(CBr)cc1'], ['COc1ccc(Cn2nc(C(=O)O)c3c2CCNC3)cc1', 'Nc1ccccc1C(=O)O'], ['COc1ccc(Cn2nc(C(=O)Nc3ccccc3C=O)c3c2CCN(Cc2ccccc2)C3)cc1', '[OH-]'], ['COc1ccc(Cn2nc(C(=O)Nc3ccccc3C=O)c3c2CCNC3)cc1', 'NCc1ccccc1', 'O=C(Cl)c1ccccc1']]"
29,CCc1nn(C)c2nc(-c3ccc4c(c3)COB4O)nc(NCc3ccc(F)cc3)c12,12,0.5011173303173762,"[['CCc1nn(C)c2nc(-c3ccc4c(c3)COB4O)nc(Cl)c12', 'NCc1ccc(F)cc1'], ['CCc1nn(C)c2nc(-c3ccc4c(c3)COB4O)nc(Br)c12', 'NCc1ccc(F)cc1'], ['CCc1nn(C)c2nc(-c3ccc4c(c3)COB4O)nc(N)c12', 'Fc1ccc(CBr)cc1'], ['CCc1nn(C)c2nc(-c3ccc4c(c3)COB4O)nc(N)c12', 'O=Cc1ccc(F)cc1'], ['CCc1nn(C)c2nc(-c3ccc(O)c(CO)c3)nc(NCc3ccc(F)cc3)c12', 'COB(OC)OC'], ['CCc1nn(C)c2nc(-c3ccc(OC)c(CO)c3)nc(NCc3ccc(F)cc3)c12', 'COB(OC)OC'], ['CCc1nn(C)c2nc(-c3ccc(-c4ccccc4)c(CO)c3)nc(Cl)c12', 'NCc1ccc(F)cc1'], ['CCc1nn(C)c2nc(-c3ccc(OB(O)O)c(C)c3)nc(NCc3ccc(F)cc3)c12'], ['CCc1nn(C)c2nc(-c3ccc(B4OC(C)(C)C(C)(C)O4)c(C#N)c3)nc(NCc3ccc(F)cc3)c12', 'CN1CCCC1=O'], ['CCc1nn(C)c2nc(-c3ccc(-c4ccc(F)cc4)c(C(F)(F)F)c3)nc(N)c12', 'C[Si](C)(C)[N-][Si](C)(C)C'], ['CCc1nn(C)c2nc(-c3ccc(OB(O)O)c(CNCc4ccc(F)cc4)c3)nc(Cl)c12', 'COB(OC)OC'], ['CCc1nn(C)c2nc(-c3ccc(C#N)c(OC)c3)nc(NCc3ccc(F)cc3)c12', 'OBO']]"
30,CCc1nn(C)c2nc(-c3ccc(P(=O)(O)O)cc3)nc(NCc3ccc(F)cc3)c12,9,0.334971493718645,"[['CCc1nn(C)c2nc(-c3ccc(P(=O)(OC)OC)cc3)nc(Cl)c12', 'NCc1ccc(F)cc1'], ['CCc1nn(C)c2nc(-c3ccc(P(=O)(OC)OC)cc3)nc(NCc3ccc(F)cc3)c12'], ['CCc1nn(C)c2nc(-c3ccc(P(=O)(OCc4ccccc4)OCc4ccccc4)cc3)nc(NCc3ccc(F)cc3)c12'], ['CCc1nn(C)c2nc(-c3ccc(P(=O)(OC(C)(C)C)OC(C)(C)C)cc3)nc(NCc3ccc(F)cc3)c12'], ['CCOP(=O)(OCC)c1ccc(-c2nc(NCc3ccc(F)cc3)c3c(CC)nn(C)c3n2)cc1'], ['CCOP(=O)(OCC)c1ccc(-c2nc(Cl)c3c(CC)nn(C)c3n2)cc1', 'NCc1ccc(F)cc1'], ['CCc1nn(C)c2nc(-c3ccc(P(=O)(OC(C)(C)C)OC(C)(C)C)cc3)nc(Cl)c12', 'NCc1ccc(F)cc1'], ['CCc1nn(C)c2nc(-c3ccc(P(=O)(OC(C)C)OC(C)C)cc3)nc(NCc3ccc(F)cc3)c12'], ['CCOP(=O)(OCC)c1ccc(-c2nc3c(CC)nn(C)c3c(=O)[nH]2)cc1', 'NCc1ccc(F)cc1']]"
31,CC(=O)N1CCc2cc(S(=O)(=O)NCc3ccnc(Oc4ccccc4Cl)c3)ccc21,5,0.3939112078087299,"[['CC(=O)N1CCc2cc(S(=O)(=O)Cl)ccc21', 'NCc1ccnc(Oc2ccccc2Cl)c1'], ['CC(=O)Cl', 'O=S(=O)(NCc1ccnc(Oc2ccccc2Cl)c1)c1ccc2c(c1)CCN2'], ['CC(=O)OC(C)=O', 'O=S(=O)(NCc1ccnc(Oc2ccccc2Cl)c1)c1ccc2c(c1)CCN2'], ['CC(=O)N1CCc2cc(S(=O)(=O)NCc3ccnc(Cl)c3)ccc21', 'Oc1ccccc1Cl'], ['CC(=O)Cl', 'NCCc1ccccc1', 'O=S(=O)(NCc1ccnc(Oc2ccccc2Cl)c1)c1ccc2c(c1)CCN2']]"
32,O=C(Nc1ccc([N+](=O)[O-])cc1Cl)c1cc(Cl)ccc1O,6,0.5074042575021589,"[['Nc1ccc([N+](=O)[O-])cc1Cl', 'O=C(O)c1cc(Cl)ccc1O'], ['Nc1ccc([N+](=O)[O-])cc1Cl', 'O=C(Cl)c1cc(Cl)ccc1O'], ['O=C(Nc1ccc([N+](=O)[O-])cc1Cl)c1cc(Cl)ccc1OCc1ccccc1'], ['O=C(Nc1ccc([N+](=O)[O-])cc1Cl)c1ccccc1O', '[N-]=[N+]=NP(=O)(c1ccccc1)c1ccccc1'], ['O=C(Nc1ccccc1Cl)c1cc(Cl)ccc1O', 'O=[N+]([O-])O'], ['O=C(Nc1ccccc1Cl)c1cc(Cl)ccc1O', 'O=[N+]([O-])[O-]']]"
33,CCCCN1C(=O)Cc2cc(-c3ccccc3-c3nnn[nH]3)ccc21,16,0.542321571043202,"[['CCCCN1C(=O)Cc2cc(-c3ccccc3C#N)ccc21', '[N-]=[N+]=[N-]'], ['CCCCN1C(=O)Cc2cc(-c3ccccc3C#N)ccc21', 'C[Si](C)(C)N=[N+]=[N-]'], ['CCCCN1C(=O)Cc2cc(-c3ccccc3-c3nnnn3C(c3ccccc3)(c3ccccc3)c3ccccc3)ccc21'], ['CCCCN1C(=O)Cc2cc(B3OC(C)(C)C(C)(C)O3)ccc21', 'Clc1ccccc1-c1nnn[nH]1'], ['CCCCN1C(=O)Cc2cc(-c3ccccc3-c3nnn(C(c4ccccc4)(c4ccccc4)c4ccccc4)n3)ccc21'], ['CCCCN1C(=O)Cc2cc(-c3ccccc3C#N)ccc21', 'C[Sn](C)(C)N=[N+]=[N-]'], ['CCCCN1C(=O)Cc2cc(B3OC(C)(C)C(C)(C)O3)ccc21', 'Ic1ccccc1-c1nnn[nH]1'], ['CCCCN1C(=O)Cc2cc(Br)ccc21', 'CCCC[Sn](CCCC)(CCCC)c1nnnn1C(c1ccccc1)(c1ccccc1)c1ccccc1'], ['CCCCN1C(=O)Cc2cc(B3OC(C)(C)C(C)(C)O3)ccc21', 'C[Si](C)(C)N=[N+]=[N-]', 'C[Si](C)(C)N=[N+]=[N-]'], ['CCCCN1C(=O)Cc2cc(Br)ccc21', 'OB(O)c1ccccc1-c1nnn[nH]1'], ['CCCCN1C(=O)Cc2cc(Br)ccc21', 'CCCC[Sn](CCCC)(CCCC)c1nnn(C2CCCCO2)n1'], ['CCCCN1C(=O)Cc2cc(Br)ccc21', 'C[Sn](C)(C)N=[N+]=[N-]', 'N#Cc1ccccc1Br'], ['CCCCN1C(=O)Cc2cc(B3OC(C)(C)C(C)(C)O3)ccc21', '[N-]=[N+]=NC(=O)c1ccccc1Br'], ['CCCCN1C(=O)Cc2cc(Br)ccc21', 'CCCC[Sn](CCCC)(CCCC)N=[N+]=[N-]', 'CN(C)C=O', 'N#Cc1ccccc1I'], ['CCCCN1C(=O)Cc2cc(-c3ccccc3-c3nnn(C)n3)ccc21'], ['CCCCN1C(=O)Cc2cc(Br)ccc21', 'Cc1ccc(-c2nnn[nH]2)c(-c2ccc3c(c2)CC(=O)N3)c1']]"
34,COC(=O)c1ccccc1-c1ccc(C=Nc2ccccc2)cc1,15,0.4429224101113931,"[['COC(=O)c1ccccc1-c1ccc(C=O)cc1', 'Nc1ccccc1'], ['COC(=O)c1ccccc1B(O)O', 'O=C(Nc1ccccc1)c1ccc(Br)cc1'], ['COC(=O)c1ccccc1B(O)O', 'Ic1ccc(C=Nc2ccccc2)cc1'], ['COC(=O)c1ccccc1B(O)O', 'O=C([O-])[O-]', 'O=Cc1ccc(Br)cc1'], ['COC(=O)c1ccccc1B(O)O', 'O=Cc1ccc(Br)cc1', 'c1ccc(Nc2ccccc2)cc1'], ['COC(=O)c1ccccc1B(O)O', 'O=C(Nc1ccccc1)c1ccc(I)cc1'], ['COC(=O)c1ccccc1B(O)O', 'O=Cc1ccc(-c2ccccc2Br)cc1'], ['COC(=O)c1ccccc1B(O)O', 'O=Cc1ccc(-c2ccccc2Br)cc1', '[N-]=[N+]=[N-]'], ['COC(=O)c1ccccc1B(O)O', 'O=Cc1ccc(-c2ccccc2)cc1'], ['COC(=O)c1ccccc1B(O)O', 'O=Cc1ccc(Br)cc1', 'O=C([O-])[O-]', 'O=C([O-])[O-]'], ['COC(=O)c1ccccc1B(O)O', 'O=Cc1ccc(-c2ccccc2C(F)(F)F)cc1'], ['COC(=O)c1ccccc1B(O)O', 'O=Cc1ccc(Br)cc1', 'O=C(Nc1ccccc1)c1ccccc1'], ['COC(=O)c1ccccc1B(O)O', 'ClC(Cl)(Cl)c1ccc(C=Nc2ccccc2)cc1'], ['COC(=O)c1ccccc1B(O)O', 'O=Cc1ccc(Br)cc1', 'O=C(Nc1ccccc1)Nc1ccccc1'], ['COC(=O)c1ccccc1B(O)O', 'N#Cc1ccc(Cl)cc1']]"
35,O=c1c(Cl)nc2cnc(NCC3CC3)nc2n1-c1ccc(OC(F)F)cc1,22,0.49478746630382164,"[['O=c1c2nc(Cl)ncc2nc(Cl)n1-c1ccc(OC(F)F)cc1', 'NCC1CC1'], ['O=c1c2nc(NCC3CC3)ncc2nc(Cl)n1-c1ccc(OC(F)F)cc1'], ['O=P(Cl)(Cl)Cl', 'O=c1c(O)nc2cnc(NCC3CC3)nc2n1-c1ccc(OC(F)F)cc1'], ['NCC1CC1', 'O=c1c(Cl)nc2cnc(Cl)nc2n1-c1ccc(OC(F)F)cc1'], ['O=c1c(Cl)nc2cnc(Cl)nc2n1-c1ccc(OC(F)F)cc1', 'NCC1CC1'], ['O=c1c(Cl)nc2cnc(Cl)nc2n1-c1ccc(OC(F)F)cc1', 'O=c1c(Cl)nc2cnc(Cl)nc2n1-c1ccc(OC(F)F)cc1'], ['CC(C)(C)OC(=O)N(CC1CC1)c1ncc2nc(Cl)c(=O)n(-c3ccc(OC(F)F)cc3)c2n1'], ['CCOC(=O)C(Cl)C(=O)OCC', 'Nc1cnc(NCC2CC2)nc1Nc1ccc(OC(F)F)cc1'], ['FC(F)Oc1ccc(-n2c(Cl)nc3cnc(Cl)nc32)cc1', 'NCC1CC1'], ['COC(=O)C(Cl)C(=O)OC', 'Nc1cnc(NCC2CC2)nc1Nc1ccc(OC(F)F)cc1'], ['NCC1CC1', 'O=c1c(Cl)nc2cnc(S(=O)(=O)C(F)(F)F)nc2n1-c1ccc(OC(F)F)cc1'], ['CS(=O)(=O)c1ncc2nc(Cl)c(=O)n(-c3ccc(OC(F)F)cc3)c2n1', 'NCC1CC1'], ['CS(=O)c1ncc2nc(Cl)c(=O)n(-c3ccc(OC(F)F)cc3)c2n1', 'NCC1CC1'], ['CCOC(=O)C(=O)Cl', 'Nc1cnc(NCC2CC2)nc1Nc1ccc(OC(F)F)cc1'], ['COC(=O)C(=O)Cl', 'Nc1cnc(NCC2CC2)nc1Nc1ccc(OC(F)F)cc1'], ['O=C(Cl)C(=O)Cl', 'O=c1c(O)nc2cnc(NCC3CC3)nc2n1-c1ccc(OC(F)F)cc1'], ['Nc1cnc(NCC2CC2)nc1Nc1ccc(OC(F)F)cc1', 'O=C(Cl)C(=O)Cl'], ['CS(=O)(=O)c1ncc2nc(Cl)c(=O)n(-c3ccc(OC(F)F)cc3)c2n1', 'ONCC1CC1'], ['CC(C)Nc1ncc2nc(Cl)c(=O)n(-c3ccc(OC(F)F)cc3)c2n1', 'NCC1CC1'], ['O=C(O)c1ccc(-n2c(=O)c(Cl)nc3cnc(NCC4CC4)nc32)cc1', 'O=P(Cl)(Cl)Cl'], ['Nc1nc(Cl)c(=O)n(-c2ccc(OC(F)F)cc2)c1NCC1CC1'], ['CC(C)NC(C)C', 'O=c1c(Cl)nc2cnc(S(=O)C(F)(F)F)nc2n1-c1ccc(OC(F)F)cc1']]"
36,CC(C)n1cnc2ccc(-c3nc4ccc(C5CC5)cc4n(-c4ccc(OC(F)F)cc4)c3=O)cc21,25,0.47513720114342894,"[['CC(C)n1cnc2ccc(B3OC(C)(C)C(C)(C)O3)cc21', 'O=c1c(Br)nc2ccc(C3CC3)cc2n1-c1ccc(OC(F)F)cc1'], ['CC(C)n1cnc2ccc(B3OC(C)(C)C(C)(C)O3)cc21', 'O=c1c(I)nc2ccc(C3CC3)cc2n1-c1ccc(OC(F)F)cc1'], ['CC(C)n1cnc2ccc(C=O)cc21', 'Nc1ccc(C2CC2)cc1Nc1ccc(OC(F)F)cc1'], ['CC(C)n1cnc2ccc(B3OC(C)(C)C(C)(C)O3)cc21', 'O=c1c(Cl)nc2ccc(C3CC3)cc2n1-c1ccc(OC(F)F)cc1'], ['CC(C)I', 'O=c1c(-c2ccc3nc[nH]c3c2)nc2ccc(C3CC3)cc2n1-c1ccc(OC(F)F)cc1'], ['CC(C)n1cnc2ccc(-c3nc4ccc(Br)cc4n(-c4ccc(OC(F)F)cc4)c3=O)cc21', 'OB(O)C1CC1'], ['CC(C)n1cnc2ccc(C(=O)O)cc21', 'Nc1ccc(C2CC2)cc1Nc1ccc(OC(F)F)cc1'], ['CC(C)n1cnc2ccc(B3OC(C)(C)C(C)(C)O3)cc21', 'O=c1c(-c2ccc3nc[nH]c3c2)nc2ccc(C3CC3)cc2n1-c1ccc(OC(F)F)cc1'], ['CC(C)n1cnc2ccc(-c3nc4ccc(C5CC5)cc4[nH]c3=O)cc21', 'OB(O)c1ccc(OC(F)F)cc1'], ['CC(C)n1cnc2ccc(-c3nc4ccc(C5CC5)cc4[nH]c3=O)cc21', 'FC(F)Oc1ccc(Br)cc1'], ['CC(C)n1cnc2ccc(-c3nc4ccc(Br)cc4n(-c4ccc(OC(F)F)cc4)c3=O)cc21', 'CCCC[Sn](CCCC)(CCCC)C1CC1'], ['CC(C)n1cnc2ccc(-c3nc4ccc(Br)cc4n(-c4ccc(OC(F)F)cc4)c3=O)cc21', '[Zn+]C1CC1'], ['CC(C)n1cnc2ccc(-c3nc4ccc(C5CC5)cc4[nH]c3=O)cc21', 'FC(F)Oc1ccc(I)cc1'], ['CC(C)n1cnc2ccc(B3OC(C)(C)C(C)(C)O3)cc21', 'O=c1c(-c2ccc3nc(Cl)cnc3c2)nc2ccc(C3CC3)cc2n1-c1ccc(OC(F)F)cc1'], ['CC(C)n1cnc2ccc(B3OC(C)(C)C(C)(C)O3)cc21', 'O=c1c(-c2ccc3nc(Br)c(OS(=O)(=O)C(F)(F)F)nc3c2)nc2ccc(C3CC3)cc2n1-c1ccc(OC(F)F)cc1'], ['CC(C)n1cnc2ccc(-c3nc4ccc(I)cc4n(-c4ccc(OC(F)F)cc4)c3=O)cc21', 'CCCC[Sn](CCCC)(CCCC)C1CC1'], ['CC(C)n1cnc2ccc(-c3nc4ccc(I)cc4n(-c4ccc(OC(F)F)cc4)c3=O)cc21', '[Zn+]C1CC1'], ['CC(C)n1cnc2ccc(-c3nc4ccc(I)cc4n(-c4ccc(OC(F)F)cc4)c3=O)cc21', 'CC(C)n1cnc2ccc(B3OC(C)(C)C(C)(C)O3)cc21'], ['CC(C)n1cnc2ccc(B(O)O)cc21', 'O=c1c(Cl)nc2ccc(C3CC3)cc2n1-c1ccc(OC(F)F)cc1'], ['CC(C)I', 'O=c1c(-c2ccc3ncnc(Cl)c3c2)nc2ccc(C3CC3)cc2n1-c1ccc(OC(F)F)cc1'], ['CC(C)n1cnc2ccc(-c3nc4ccc(C5CC5)cc4n(-c4ccc(O)cc4)c3=O)cc21', 'FC(F)Oc1ccc(Br)cc1'], ['CC(C)I', 'O=c1c(-c2ccc3[nH]cnc3c2)nc2ccc(C3CC3)cc2n1-c1ccc(OC(F)F)cc1'], ['CC(C)n1cnc2ccc(C(=O)Nc3ccc(C4CC4)cc3Nc3ccc(OC(F)F)cc3)cc21', 'CCN(CC)S(F)(F)F'], ['CC(C)n1cnc2ccc(C=O)cc21', 'CC(C)n1cnc2ccc(C(=O)Nc3ccc(C4CC4)cc3N)cc21'], ['CC(C)n1cnc2ccc(-c3nc4ccc(I)cc4n(-c4ccc(OC(F)F)cc4)c3=O)cc21', 'C[Zn]C']]"
37,Cc1c(F)c(N)cc(C(=O)Nc2cc(-c3ccc(NC(=O)CCCC(=O)NO)cc3)ccc2N2CCN(C)CC2)c1Cl,13,0.34013777042100674,"[['COC(=O)CCCC(=O)Nc1ccc(-c2ccc(N3CCN(C)CC3)c(NC(=O)c3cc(N)c(F)c(C)c3Cl)c2)cc1'], ['Cc1c(F)c(N)cc(C(=O)Nc2cc(-c3ccc(NC(=O)CCCC(=O)O)cc3)ccc2N2CCN(C)CC2)c1Cl', 'NO'], ['Cc1c(F)c(N)cc(C(=O)Nc2cc(-c3ccc(NC(=O)CCCC(=O)NOC4CCCCO4)cc3)ccc2N2CCN(C)CC2)c1Cl'], ['Cc1c(F)c(NC(=O)OC(C)(C)C)cc(C(=O)Nc2cc(-c3ccc(NC(=O)CCCC(=O)NOC4CCCCO4)cc3)ccc2N2CCN(C)CC2)c1Cl'], ['CCOC(=O)CCCC(=O)Nc1ccc(-c2ccc(N3CCN(C)CC3)c(NC(=O)c3cc(N)c(F)c(C)c3Cl)c2)cc1'], ['Cc1c(F)c(N)cc(C(=O)Nc2cc(-c3ccc(NC(=O)CCCC(=O)NOCc4ccccc4)cc3)ccc2N2CCN(C)CC2)c1Cl'], ['Cc1c(F)c(N)cc(C(=O)Nc2cc(-c3ccc(NC(=O)CCCC(=O)NOC(=O)OC(C)(C)C)cc3)ccc2N2CCN(C)CC2)c1Cl'], ['Cc1c(F)c(N)cc(C(=O)Nc2cc(-c3ccc(NC(=O)CCCC(=O)NOC(C)(C)C)cc3)ccc2N2CCN(C)CC2)c1Cl'], ['COC(=O)CCCC(=O)Nc1ccc(-c2ccc(N3CCN(C)CC3)c(NC(=O)c3cc(NC(=O)OC(C)(C)C)c(F)c(C)c3Cl)c2)cc1'], ['COC(=O)CCCC(=O)Nc1ccc(-c2ccc(N3CCN(C)CC3)c(NC(=O)c3cc(NC(=O)OC(C)(C)C)c(F)c(N)c3C)c2)cc1'], ['Cc1c(F)c(N)cc(C(=O)Nc2cc(-c3ccc(NC(=O)CCCC(=O)NOC(=O)C4CCCCO4)cc3)ccc2N2CCN(C)CC2)c1Cl'], ['CC(C)(C)ONC(=O)CCCC(=O)Nc1ccc(B(O)O)cc1', 'Cc1c(F)c(N)cc(C(=O)Nc2cc(Br)ccc2N2CCN(C)CC2)c1Cl'], ['Cc1c(F)c(NC(=O)OCC2c3ccccc3-c3ccccc32)cc(C(=O)Nc2ccc(-c3ccc(NC(=O)CCCC(=O)NOC4CCCCO4)cc3)cc2)c1Cl', 'O=C(Nc1ccc(Br)cc1)OC1CCCCO1']]"
38,Cc1c(F)c(N)cc(C(=O)Nc2cc(-c3ccc(C(=O)NCCCC(=O)NO)cc3)ccc2N2CCN(C)CC2)c1Cl,17,0.32155091632480043,"[['COC(=O)CCCNC(=O)c1ccc(-c2ccc(N3CCN(C)CC3)c(NC(=O)c3cc(N)c(F)c(C)c3Cl)c2)cc1'], ['Cc1c(F)c(N)cc(C(=O)Nc2cc(-c3ccc(C(=O)NCCCC(=O)O)cc3)ccc2N2CCN(C)CC2)c1Cl', 'NO'], ['Cc1c(F)c(NC(=O)OC(C)(C)C)cc(C(=O)Nc2cc(-c3ccc(C(=O)NCCCC(=O)NOC4CCCCO4)cc3)ccc2N2CCN(C)CC2)c1Cl'], ['Cc1c(F)c(N)cc(C(=O)Nc2cc(-c3ccc(C(=O)NCCCC(=O)NOC4CCCCO4)cc3)ccc2N2CCN(C)CC2)c1Cl'], ['CCOC(=O)CCCNC(=O)c1ccc(-c2ccc(N3CCN(C)CC3)c(NC(=O)c3cc(N)c(F)c(C)c3Cl)c2)cc1'], ['Cc1c(F)c(NC(=O)OC(C)(C)C)cc(C(=O)Nc2cc(-c3ccc(C(=O)NCCCC(=O)NO)cc3)ccc2N2CCN(C)CC2)c1Cl'], ['COC(=O)CCCNC(=O)c1ccc(-c2ccc(N3CCN(C)CC3)c(NC(=O)c3cc(NC(=O)OC(C)(C)C)c(F)c(C)c3Cl)c2)cc1'], ['Cc1c(F)c(N)cc(C(=O)Nc2cc(-c3ccc(C(=O)NCCCC(=O)NOCc4ccccc4)cc3)ccc2N2CCN(C)CC2)c1Cl'], ['Cc1c(F)c(NC(=O)OCc2ccccc2)cc(C(=O)Nc2cc(-c3ccc(C(=O)NCCCC(=O)NOC4CCCCO4)cc3)ccc2N2CCN(C)CC2)c1Cl'], ['Cc1c(F)c(N)cc(C(=O)Nc2cc(-c3ccc(C(=O)NCCCC(=O)O)cc3)ccc2N2CCN(C)CC2)c1Cl', '[NH3+]O'], ['Cc1c(F)c(NC(=O)OCc2ccccc2)cc(C(=O)Nc2cc(-c3ccc(C(=O)NCCCC(=O)NO)cc3)ccc2N2CCN(C)CC2)c1Cl'], ['Cc1c(F)c(NC(=O)OC(C)(C)C)cc(C(=O)Nc2cc(-c3ccc(C(=O)NCCCC(=O)ON4C(=O)CCC4=O)cc3)ccc2N2CCN(C)CC2)c1Cl'], ['Cc1c(F)c(NC(=O)OCC2c3ccccc3-c3ccccc32)cc(C(=O)Nc2cc(-c3ccc(C(=O)NCCCC(=O)NOC4CCCCO4)cc3)ccc2N2CCN(C)CC2)c1Cl'], ['Cc1c(F)c(NC(=O)OCC2c3ccccc3-c3ccccc32)cc(C(=O)Nc2cc(-c3ccc(C(=O)NCCCC(=O)NO)cc3)ccc2N2CCN(C)CC2)c1Cl'], ['CCOC(=O)CCCNC(=O)c1ccc(-c2ccc(N3CCN(C)CC3)c(NC(=O)c3cc(NC(=O)OC(C)(C)C)c(F)c(N)c3C)c2)cc1'], ['CC(=O)O', 'Cc1c(F)c(N)cc(C(=O)Nc2cc(-c3ccc(C(=O)NCCCC(=O)NOC(C)(C)C)cc3)ccc2N2CCN(C)CC2)c1Cl'], ['CCOC(=O)CCCNC(=O)c1ccc(-c2ccc(N3CCN(C)CC3)c(NC(=O)c3cc(NC(=O)OC(C)(C)C)c(Cl)c(NC(=O)OC(C)(C)C)c3C)c2)cc1']]"
39,CCc1c(-c2cccc3[nH]ccc23)[nH]c(C(=O)O)c1-c1cccc2[nH]ccc12,26,0.612608298194772,"[['CCOC(=O)c1[nH]c(-c2cccc3[nH]ccc23)c(CC)c1-c1cccc2[nH]ccc12'], ['CCc1c(-c2cccc3c2ccn3C(=O)OC(C)(C)C)[nH]c(C(=O)OC)c1-c1cccc2c1ccn2C(=O)OC(C)(C)C'], ['CCc1c(-c2cccc3[nH]ccc23)[nH]c(C(=O)OC)c1-c1cccc2[nH]ccc12'], ['CCc1c(-c2cccc3c2ccn3C(=O)OC(C)(C)C)[nH]c(C(=O)OC)c1-c1cccc2[nH]ccc12'], ['CCc1c(-c2cccc3c2ccn3C(=O)OC(C)(C)C)[nH]c(C(=O)OC(C)(C)C)c1-c1cccc2c1ccn2C(=O)OC(C)(C)C'], ['CCc1c(-c2cccc3c2ccn3C(=O)OC(C)(C)C)[nH]c(C(=O)OC(C)(C)C)c1-c1cccc2[nH]ccc12'], ['CCc1c(-c2cccc3c2ccn3COCC[Si](C)(C)C)[nH]c(C(=O)OCC[Si](C)(C)C)c1-c1cccc2[nH]ccc12'], ['CCc1c(-c2cccc3c2ccn3C(c2ccccc2)(c2ccccc2)c2ccccc2)[nH]c(C(=O)OC(C)(C)C)c1-c1cccc2c1ccn2C(c1ccccc1)(c1ccccc1)c1ccccc1'], ['CCc1c(-c2cccc3[nH]ccc23)[nH]c(C=O)c1-c1cccc2[nH]ccc12'], ['CCOC(=O)c1[nH]c(-c2cccc3c2ccn3C)c(CC)c1-c1cccc2[nH]ccc12'], ['CCc1c(-c2cccc3c2ccn3C2CCCCO2)[nH]c(C(=O)OC)c1-c1cccc2c1ccn2C(=O)OC(C)(C)C'], ['CCc1c(-c2cccc3[nH]ccc23)[nH]c(C(=O)OC)c1-c1cccc2c1ccn2S(=O)(=O)c1ccccc1'], ['CCC(=O)C(C(=O)OC)c1cccc2[nH]ccc12', 'NNc1cccc2[nH]ccc12'], ['CCOC(=O)c1[nH]c(-c2cccc3c2CCN3C(=O)OC(C)(C)C)c(-c2cccc3c2ccn3C(=O)OC(C)(C)C)c1-c1cccc2[nH]ccc12'], ['CCOC(=O)C(C(=O)c1cccc2[nH]ccc12)C(CC)C(=O)c1cccc2[nH]ccc12'], ['CCOC(=O)c1[nH]c(-c2cccc3c2CCC3)c(CC)c1-c1cccc2[nH]ccc12'], ['CCc1c(-c2cccc3[nH]ccc23)[nH]c(C=O)c1-c1cccc2[nH]ccc12', 'O'], ['CCC(=O)C(C(=O)OC)C(=O)c1cccc2[nH]ccc12', 'NNc1ccccc1'], ['CCC(=O)c1cccc2[nH]ccc12', 'O=C(O)c1[nH]c(-c2cccc3[nH]ccc23)cc1I'], ['CCC(C(=O)c1cccc2[nH]ccc12)C(=O)c1cccc2[nH]ccc12', 'NN', 'O'], ['CCOC(=O)C(C(=O)CC)C(=O)c1cccc2[nH]ccc12', 'NNc1cccc2[nH]ccc12'], ['CCC(=O)Cc1cccc2[nH]ccc12', 'CCOC(=O)c1[nH]c(-c2cccc3[nH]ccc23)c(Br)c1CC'], ['CCC(C(=O)c1cccc2[nH]ccc12)C(C(=O)O)C(=O)c1cccc2[nH]ccc12', 'CCO', 'NN'], ['CCC(=O)c1cccc2[nH]ccc12', 'COC(=O)C=NC(Cc1cccc2[nH]ccc12)C(=O)OC'], ['CCC(=O)c1cccc2[nH]ccc12', 'CCC(=O)c1cc2c(=O)c3ccccc3c=2ccn1N'], ['CCC(=O)c1c(C(=O)O)[nH]c2cccc(-c3c(CC)[nH]c4cccc(C=O)c34)c12', '[OH-]']]"
40,CC(C)c1c(-c2cccc3[nH]ccc23)[nH]c(C(=O)O)c1-c1cccc2[nH]ccc12,34,0.5673936469526425,"[['CCOC(=O)c1[nH]c(-c2cccc3[nH]ccc23)c(C(C)C)c1-c1cccc2[nH]ccc12'], ['COC(=O)c1[nH]c(-c2cccc3[nH]ccc23)c(C(C)C)c1-c1cccc2[nH]ccc12'], ['CC(C)c1c(-c2cccc3c2ccn3C(=O)OC(C)(C)C)[nH]c(C(=O)OC(C)(C)C)c1-c1cccc2c1ccn2C(=O)OC(C)(C)C'], ['CC(C)c1c(-c2cccc3c2ccn3C(c2ccccc2)(c2ccccc2)c2ccccc2)[nH]c(C(=O)O)c1-c1cccc2[nH]ccc12'], ['CC(C)c1c(-c2cccc3c2ccn3C(=O)OC(C)(C)C)[nH]c(C(=O)O)c1-c1cccc2c1ccn2C(=O)OC(C)(C)C'], ['CCOC(=O)c1[nH]c(-c2cccc3[nH]ccc23)c(-c2cccc3[nH]ccc23)c1C(C)C'], ['COC(=O)c1[nH]c(-c2cccc3[nH]ccc23)c(-c2cccc3[nH]ccc23)c1C(C)C'], ['COC(=O)c1[nH]c(-c2cccc3c2ccn3C(=O)OC(C)(C)C)c(C(C)C)c1-c1cccc2[nH]ccc12'], ['CC(C)c1c(-c2cccc3[nH]ccc23)[nH]c(C(=O)OC(C)(C)C)c1-c1cccc2[nH]ccc12'], ['CC(C)c1c(-c2cccc3c2ccn3C2CCCCO2)[nH]c(C(=O)O)c1-c1cccc2[nH]ccc12'], ['CC(C)c1c(-c2cccc3[nH]ccc23)[nH]c(C=O)c1-c1cccc2c1ccn2C(=O)OC(C)(C)C'], ['COC(=O)c1[nH]c(-c2cccc3c2ccn3S(=O)(=O)c2ccc(C)cc2)c(C(C)C)c1-c1cccc2[nH]ccc12'], ['CC(C)c1c(-c2cccc3c2ccn3C2CCCCO2)[nH]c(C(=O)O)c1-c1cccc2c1ccn2C(=O)OC(C)(C)C'], ['CCOC(=O)c1[nH]c(-c2cccc3c2ccn3C(=O)OC(C)(C)C)c(-c2cccc3[nH]ccc23)c1C(C)C'], ['CC(C)c1c(-c2cccc3c2ccn3C2CCCCO2)[nH]c(C(=O)OC(C)(C)C)c1-c1cccc2[nH]ccc12'], ['CC(C)c1c(-c2cccc3c2ccn3COCC[Si](C)(C)C)[nH]c(C(=O)O)c1-c1cccc2c1ccn2COCC[Si](C)(C)C'], ['CC(C)c1c(-c2cccc3[nH]ccc23)[nH]c(C(=O)O)c1Br', 'OB(O)c1cccc2[nH]ccc12'], ['CCOC(=O)c1[nH]c(-c2cccc3c2ccn3COCC[Si](C)(C)C)c(C(C)C)c1-c1cccc2[nH]ccc12'], ['CC(C)c1c(-c2cccc3c2ccn3COCC[Si](C)(C)C)[nH]c(C(=O)O)c1-c1cccc2[nH]ccc12'], ['CC(C)c1c(-c2cccc3[nH]ccc23)[nH]c(C(=O)OC(C)(C)C)c1-c1cccc2c1ccn2C(=O)OC(C)(C)C'], ['CC(C)c1c(-c2cccc3[nH]ccc23)[nH]c(C=O)c1-c1cccc2[nH]ccc12', 'O=P([O-])(O)O'], ['COC(=O)c1[nH]c(-c2cccc3c2ccn3C(C)C)c(C(C)C)c1-c1cccc2[nH]ccc12'], ['CCOC(=O)c1[nH]c(-c2cccc3c2ccn3COCC[Si](C)(C)C)c(-c2cccc3c2ccn3COCC[Si](C)(C)C)c1C(C)C'], ['COC(=O)c1[nH]c(-c2cccc3c2ccn3C(C)=O)c(C(C)C)c1-c1cccc2[nH]ccc12'], ['CC(C)C(=O)C(C(=O)c1cccc2[nH]ccc12)C(C(=O)OC(C)(C)C)C(=O)c1cccc2[nH]ccc12'], ['CCOC(=O)c1[nH]c(-c2cccc3c2ccn3C(C)=O)c(-c2cccc3[nH]ccc23)c1C(C)C'], ['CC(C)C(C(=O)c1cccc2[nH]ccc12)C(C(=O)O)c1cccc2[nH]ccc12'], ['CCOC(=O)c1[nH]c(-c2cccc3[nH]ccc23)c(-c2cccc3c2ccn3C(=O)OC(C)(C)C)c1C(C)C'], ['CC(C)C(=O)c1cccc2[nH]ccc12', 'CCOC(=O)CC(=O)C(c1cccc2[nH]ccc12)C(C)C'], ['CC(C)C(=O)C(C(=O)O)c1cccc2[nH]ccc12', 'NNc1cccc2c1CCC2'], ['CC(C)C(=O)C(Cc1cccc2[nH]ccc12)C(=O)C(CC(=O)O)C(=O)O', 'NNc1cccc2cc[nH]c12'], ['CC(C)C(=O)C(Cc1c[nH]c2ccccc12)C(=O)O', 'NN', 'O=C1CCC(=O)c2ccccc21'], ['CC(C)CC(=O)C(C(=O)c1cccc2[nH]ccc12)C(C(=O)O)C(=O)O', 'NNc1cccc2[nH]ccc12'], ['CC(C)C(=O)C(C(=O)OC(C)(C)C)c1cccc2[nH]ccc12', 'CC(C)C[Si](CC(=O)[O-])(CC(=O)[O-])c1cccc2[nH]ccc12']]"
41,CN(CCCN1CCN(C(=O)OC(C)(C)C)CC1)c1ccc2nccc(C(=O)NCC(=O)N3CC(F)(F)CC3C#N)c2c1,14,0.39701670555790103,"[['CN(CCCN1CCN(C(=O)OC(C)(C)C)CC1)c1ccc2nccc(C(=O)O)c2c1', 'N#CC1CC(F)(F)CN1C(=O)CN'], ['CC(C)(C)OC(=O)N1CCNCC1', 'CN(CCCN1CCN(C(=O)OC(C)(C)C)CC1)c1ccc2nccc(C(=O)O)c2c1'], ['CN(CCCN1CCN(C(=O)OC(C)(C)C)CC1)c1ccc2nccc(C(=O)O)c2c1', 'N#CC1CC(F)(F)CN1'], ['CC(C)(C)OC(=O)N1CCNCC1', 'CN(CCCN1CCN(C(=O)OC(C)(C)C)CC1)c1ccc2nccc(C(=O)O)c2c1', 'N#CC1CC(F)(F)CN1'], ['CC(C)(C)OC(=O)N1CCNCC1', 'CN(CCCN1CCNCC1)c1ccc2nccc(C(=O)NCC(=O)N3CC(F)(F)CC3C#N)c2c1'], ['CC(C)(C)OC(=O)N1CCN(CCCN)CC1', 'CN(CCCN1CCN(C(=O)OC(C)(C)C)CC1)c1ccc2nccc(C(=O)O)c2c1'], ['CC(C)(C)OC(=O)N1CCNCC1', 'CN(CCCCl)c1ccc2nccc(C(=O)NCC(=O)N3CC(F)(F)CC3C#N)c2c1'], ['CC(C)(C)OC(=O)N1CCNCC1', 'CN(CCCN1CCN(C(=O)OC(C)(C)C)CC1)c1ccc2nccc(C(=O)NCC(=O)O)c2c1'], ['CC(C)(C)OC(=O)N1CCNCC1', 'CN(CCC=O)c1ccc2nccc(C(=O)NCC(=O)N3CC(F)(F)CC3C#N)c2c1'], ['CC(C)(C)OC(=O)N1CCN(CCCNc2ccc3nccc(C(=O)NCC(=O)N4CC(F)(F)CC4C#N)c3c2)CC1', 'CI'], ['CC(C)(C)OC(=O)N1CCN(CCCN(C(=O)OC(C)(C)C)c2ccc3nccc(C(=O)O)c3c2)CC1', 'N#CC1CC(F)(F)CN1'], ['CC(C)(C)OC(=O)N1CCN(CCCNc2ccc3nccc(C(=O)NCC(=O)N4CC(F)(F)CC4C#N)c3c2)CC1', 'CC(C)(C)OC(=O)N1CCN(CCCO)CC1'], ['CC(C)(C)OC(=O)N1CCNCC1', 'CN(CCCN1CCN(C(=O)OC(C)(C)C)CC1)c1ccc2nccc(C(=O)O)c2c1', 'FC1(F)CC1'], ['CC(C)(C)OC(=O)N1CCN(CCCN)CC1', 'CCN(C(C)C)C(C)C', 'CN(C)C(On1nnc2cccnc21)=[N+](C)C', 'N#CC1CC(F)(F)CN1C(=O)CN', 'O=C(O)c1ccnc2ccc(F)cc12']]"
42,CN1CCN(c2ccc(Nc3ncc(F)c(-c4ccc5c(c4)OC4(CCC4)CC5=O)n3)nc2)CC1,15,0.5550396767396395,"[['CN1CCN(c2ccc(N)nc2)CC1', 'O=C1CC2(CCC2)Oc2cc(-c3nc(Cl)ncc3F)ccc21'], ['CC1(C)OB(c2ccc3c(c2)OC2(CCC2)CC3=O)OC1(C)C', 'CN1CCN(c2ccc(Nc3ncc(F)c(Cl)n3)nc2)CC1'], ['CC1(C)OB(c2ccc3c(c2)OC2(CCC2)CC3=O)OC1(C)C', 'CN1CCN(c2ccc(Nc3ncc(F)c(Br)n3)nc2)CC1'], ['CN1CCN(c2ccc(N)nc2)CC1', 'CS(=O)(=O)c1ncc(F)c(-c2ccc3c(c2)OC2(CCC2)CC3=O)n1'], ['CN1CCN(c2ccc(N)nc2)CC1', 'CS(=O)c1ncc(F)c(-c2ccc3c(c2)OC2(CCC2)CC3=O)n1'], ['CN1CCN(c2ccc(N)nc2)CC1', 'COC(=O)CC1(O)CC12CCCc1cc(-c3nc(Cl)ncc3F)ccc12'], ['CN1CCN(c2ccc(N)nc2)CC1', 'COC(=O)C1(CC(=O)c2cc(-c3nc(Nc4ccc(F)cn4)ncc3F)ccc2F)CCC1'], ['CN1CCN(c2ccc(N)nc2)CC1', 'COC(=O)C1C(=O)CC(c2ccc3c(c2)OC2(CCC2)CC3)=NC1F'], ['CN1CCN(c2ccc(N)nc2)CC1', 'COC(=O)C1C(=O)CC(c2ccc3c(c2)OC2(CCC2)O3)=CN1C(=O)OC(C)(C)C'], ['CN1CCN(c2ccc(N)nc2)CC1', 'COc1ccc(COc2nc(Cl)ncc2F)cc1', 'O=C1CC2(CCC2)Oc2cc(B(O)O)ccc21'], ['CN1CCN(c2ccc(N)nc2)CC1', 'COC(=O)C1(C(=O)OC)CCC2(CC1)Oc1cc(-c3nc(Cl)ncc3F)ccc12'], ['CN1CCN(c2ccc(N)nc2)CC1', 'COC(=O)C1(CC2(O)CCC2)C(=O)c2cc(-c3nc(N)ncc3F)ccc21'], ['CN1CCN(c2ccc(N)nc2)CC1', 'COC(=O)CC1(Oc2cc(-c3nc(Cl)ncc3F)ccc2C2(C3(OC)CCC3)OCCCO2)CCC1'], ['CN1CCN(c2ccc(N)nc2)CC1', 'COc1ccc(COc2ccccc2COc2ccccc2P(C2CCCCC2)C2CCCCC2)cc1', 'O=C1CC2(CCC2)Oc2cc(-c3nc(Cl)ncc3F)ccc21'], ['CN1CCN(c2ccc(N)nc2)CC1', 'COc1cc(=O)c2cc(C3=C(F)C(=O)C=CC3)ccc2o1']]"
43,CC(=O)N1CCC2(CC1)CC(=O)c1ccc(-c3nc(Nc4ccc(N5CCN(C)CC5)cn4)ncc3F)cc1O2,10,0.43926043589085456,"[['CC(=O)N1CCC2(CC1)CC(=O)c1ccc(B3OC(C)(C)C(C)(C)O3)cc1O2', 'CN1CCN(c2ccc(Nc3ncc(F)c(Cl)n3)nc2)CC1'], ['CC(=O)N1CCC2(CC1)CC(=O)c1ccc(B3OC(C)(C)C(C)(C)O3)cc1O2', 'CN1CCN(c2ccc(Nc3ncc(F)c(Br)n3)nc2)CC1'], ['CC(=O)N1CCC2(CC1)CC(=O)c1ccc(-c3nc(Cl)ncc3F)cc1O2', 'CN1CCN(c2ccc(N)nc2)CC1'], ['CC(=O)OC(C)=O', 'CN1CCN(c2ccc(Nc3ncc(F)c(-c4ccc5c(c4)OC4(CCNCC4)CC5=O)n3)nc2)CC1'], ['CC(=O)OC(C)=O', 'CN1CCN(c2ccc(Nc3ncc(F)c(-c4ccc5c(c4)OC4(CCNCC4)CC5)n3)nc2)CC1'], ['CC(=O)N1CCC2(CC1)CC(=O)c1ccc(-c3nc(N)ncc3F)cc1O2', 'CN1CCN(c2ccc(N)nc2)CC1'], ['CC(=O)OC(C)=O', 'CN1CCN(c2ccc(Nc3ncc(F)c(-c4ccc5c(c4)O5)n3)nc2)CC1'], ['CC(=O)Cl', 'CN1CCN(c2ccc(Nc3ncc(F)c(-c4ccc5c(c4)OC5)n3)nc2)CC1'], ['CC(=O)OC(C)=O', 'CN1CCN(c2ccc(Nc3ncc(F)c(-c4ccc5c(c4)CC(=O)CC5)n3)nc2)CC1'], ['CC(=O)Cl', 'CN1CCN(c2ccc(Nc3ncc(F)c(-c4ccc5c(c4)CCNC5)n3)nc2)CC1']]"
44,CCCC[Sn](CCCC)(CCCC)c1c(COCOC)cc(C(=O)NCC(=O)O)cc1COCOC,27,0.3790290746647126,"[['CCCC[Sn](CCCC)(CCCC)c1c(COCOC)cc(C(=O)NCC(=O)OC(C)(C)C)cc1COCOC'], ['CCCC[Sn](Cl)(CCCC)CCCC', 'COCOCc1cc(C(=O)NCC(=O)O)cc(COC)c1Br'], ['CCCC[Sn](Cl)(CCCC)CCCC', 'COCOCc1cc(C(=O)NCC(=O)O)cc(COCOC)c1Br'], ['CCCC[Sn](Cl)(CCCC)CCCC', 'COCOCc1cc(C(=O)NCC(=O)O)cc(COCOC)c1I'], ['CCCC[Sn](Cl)(CCCC)CCCC', 'COCOCc1cc(C(=O)NCC(=O)O)cc(COC)c1I'], ['CCCC[Sn](CCCC)(CCCC)c1c(COCOC)cc(C(=O)NCC(=O)OCc2ccccc2)cc1COCOC'], ['CCCC[Sn](CCCC)(CCCC)[Sn](CCCC)(CCCC)CCCC', 'COCOCc1cc(C(=O)NCC(=O)O)cc(COC)c1Br'], ['CCCC[Sn](CCCC)(CCCC)c1c(COCOC)cc(C(=O)O)cc1COCOC', 'COC(=O)CN'], ['CCCC[Sn](Cl)(CCCC)CCCC', 'COCOCc1cc(COCOC)cc(C(=O)NCC(=O)O)c1'], ['CCCC[Sn](CCCC)(CCCC)c1c(COCOC)cc(C(=O)NCC(=O)OCC)cc1COCOC'], ['CCCC[Sn](CCCC)(CCCC)c1c(COCOC)cc(C(=O)NCC(=O)OC)cc1COCOC'], ['CCCC[Sn](Cl)(CCCC)CCCC', 'COCOCc1cc(C(=O)NCC(=O)O)cc(COC)c1B1OC(C)(C)C(C)(C)O1'], ['CCCC[Sn](Cl)(CCCC)CCCC', 'CCCC[Sn](CCCC)(CCCC)c1c(COC)cc(C(=O)NCC(=O)OCOC)cc1COCOC'], ['CCCC[Sn](Cl)(CCCC)CCCC', 'COCOCc1cc(C(=O)NCC(=O)OCOC)cc(COC)c1[Sn](C)(C)C'], ['CCCC[Sn](CCCC)(CCCC)[Sn](CCCC)(CCCC)CCCC', 'COCOCc1cc(C(=O)NCC(=O)O)cc(CO)c1I'], ['CCCC[Sn](CCCC)(CCCC)[Sn](CCCC)(CCCC)CCCC', 'COCOCc1cc(C(=O)NCC(=O)OC(C)(C)C)cc(COCOC)c1I'], ['CCCC[Sn](CCCC)(CCCC)[Sn](CCCC)(CCCC)CCCC', 'COCOCc1cc(C(=O)NCC(=O)OC(C)(C)C)cc(COCOC)c1Br'], ['CCCC[Sn](Cl)(CCCC)CCCC', 'COCOCc1cc(C(=O)NCC(=O)OCOC)cc(COC)c1I'], ['CCCC[Sn](Cl)(CCCC)CCCC', 'COCOCc1cc(C(=O)NCC(=O)OCOC)cc(CO)c1I'], ['CCCC[Sn](CCCC)(CCCC)[Sn](CCCC)(CCCC)CCCC', 'COCOCc1cc(C(=O)NCC(=O)O)cc(OCOC)c1I'], ['CCCC[Sn](Cl)(CCCC)CCCC', 'COCOCc1cc(C(=O)NCC(=O)OCOC)cc(CO)c1Br'], ['CCCC[Sn](Cl)(CCCC)CCCC', 'COCOCc1cc(C(=O)NCC(=O)O)cc(COC)c1OCOC'], ['CCCC[Sn](Cl)(CCCC)CCCC', 'COCOCc1cc(C(=O)NCC(=O)OC)cc(COCOC)c1I'], ['CCCC[Sn](Cl)(CCCC)CCCC', 'COCOCc1cc(C(=O)NCC(=O)O)cc(COCOC)c1O'], ['CCCC[Sn](CCCC)(CCCC)[Sn](CCCC)(CCCC)CCCC', 'COCOCc1c(Br)cc(C(=O)NCC(=O)OCOC)cc1COC'], ['CCCC[Sn](CCCC)(CCCC)c1c(COCOC)cc(C(=O)O)cc1COCOC', 'COCCN', '[OH-]'], ['CCCC[Sn](Br)(CCCC)CCCC', 'COCOCc1cc(C(=O)NCC(=O)OCOC)cc(COC)c1Br']]"
45,CCCC[Sn](CCCC)(CCCC)c1c(C(=O)N(C)C)cc(C(=O)NCC(=O)O)cc1C(=O)N(C)C,20,0.4553179434702194,"[['CCCC[Sn](CCCC)(CCCC)c1c(C(=O)N(C)C)cc(C(=O)NCC(=O)OC(C)(C)C)cc1C(=O)N(C)C'], ['CCCC[Sn](Cl)(CCCC)CCCC', 'CN(C)C(=O)c1cc(C(=O)NCC(=O)O)cc(C(=O)N(C)C)c1'], ['CCCC[Sn](CCCC)(CCCC)c1c(C(=O)N(C)C)cc(C(=O)NCC(=O)OCC)cc1C(=O)N(C)C'], ['CCCC[Sn](CCCC)(CCCC)c1c(C(=O)N(C)C)cc(C(=O)NCC(=O)OC)cc1C(=O)N(C)C'], ['CCCC[Sn](CCCC)(CCCC)c1c(C(=O)N(C)C)cc(C(=O)O)cc1C(=O)N(C)C', 'NCC(=O)O'], ['CCCC[Sn](CCCC)(CCCC)[Sn](CCCC)(CCCC)CCCC', 'CN(C)C(=O)c1cc(C(=O)NCC(=O)O)cc(C(=O)N(C)C)c1I'], ['CCCC[Sn](CCCC)(CCCC)[Sn](CCCC)(CCCC)CCCC', 'CN(C)C(=O)c1cc(C(=O)NCC(=O)O)cc(C(=O)N(C)C)c1Br'], ['CCCC[Sn](CCCC)(CCCC)[Sn](CCCC)(CCCC)CCCC', 'CN(C)C(=O)CNC(=O)c1cc(C(=O)O)c(I)c(C(=O)N(C)C)c1'], ['CCCC[Sn](CCCC)(CCCC)[Sn](CCCC)(CCCC)CCCC', 'CN(C)C(=O)CNC(=O)c1cc(C(=O)N(C)C)c(Br)c(C(=O)N(C)C)c1'], ['CCCC[Sn](CCCC)(CCCC)[Sn](CCCC)(CCCC)CCCC', 'CN(C)C(=O)CNC(=O)c1cc(C(=O)O)c(Br)c(C(=O)N(C)C)c1'], ['CCCC[Sn](CCCC)(CCCC)c1c(C(=O)O)cc(C(=O)NCC(=O)O)cc1C(=O)N(C)C', 'CN(C)C(On1nnc2ccccc21)=[N+](C)C'], ['CCCC[Sn](CCCC)(CCCC)c1c(C(=O)N(C)C)cc(C(=O)OC)cc1C(=O)N(C)C', 'NCC(=O)O'], ['CCCC[Sn](CCCC)(CCCC)c1c(C(=O)OC)cc(C(=O)NCC(=O)O)cc1C(=O)N(C)C', 'CNC'], ['CC(=O)OC(C)=O', 'CCCC[Sn](CCCC)(CCCC)c1c(C(=O)N(C)C)cc(C(=O)NCC(=O)OC(C)(C)C)cc1C(=O)N(C)C'], ['CCCC[Sn](CCCC)(CCCC)c1c(C(=O)N(C)C)cc(C(=O)O)cc1C(=O)N(C)C', 'CNC'], ['CC(C)(C)OC(=O)CN', 'CCCC[Sn](Cl)(CCCC)CCCC', 'CN(C)C(=O)c1cc(C(=O)Cl)cc(C(=O)Cl)c1'], ['CCCC[Sn](CCCC)(CCCC)c1c(C(=O)N(C)C)cc(C(=O)O)cc1C(=O)N(C)C', 'CNC', '[OH-]'], ['CCCC[Sn](CCCC)(CCCC)c1c(C(=O)OC)cc(C(=O)OCC)cc1C(=O)N(C)C', 'NCC(=O)O'], ['CCCC[Sn](CCCC)(CCCC)c1c(C(=O)OC)cc(C(=O)OC)cc1C(=O)N(C)C', 'CNC', 'NCC(=O)O'], ['CN(C)C(=O)c1cc(C(=O)NCC(=O)OC(C)(C)C)cc(C(=O)O)c1C(=O)O', 'CCCC[Sn](Cl)(Cl)Cl']]"
46,COc1ccc(Br)cc1S(=O)(=O)Nc1cc2c(C)noc2cc1OCC(=O)NCCNC(=O)COc1cccc2c1C(=O)N(C1CCC(=O)NC1=O)C2=O,10,0.3656115953114763,"[['COc1ccc(Br)cc1S(=O)(=O)Nc1cc2c(C)noc2cc1OCC(=O)O', 'NCCNC(=O)COc1cccc2c1C(=O)N(C1CCC(=O)NC1=O)C2=O'], ['COc1ccc(Br)cc1S(=O)(=O)Nc1cc2c(C)noc2cc1OCC(=O)NCCN', 'O=C(O)COc1cccc2c1C(=O)N(C1CCC(=O)NC1=O)C2=O'], ['COc1ccc(Br)cc1S(=O)(=O)Cl', 'Cc1noc2cc(N)c(OCC(=O)NCCNC(=O)COc3cccc4c3C(=O)N(C3CCC(=O)NC3=O)C4=O)cc12'], ['COc1ccc(Br)cc1S(=O)(=O)Cl', 'Cc1noc2cc(OCC(=O)NCCNC(=O)COc3cccc4c3C(=O)N(C3CCC(=O)NC3=O)C4=O)c(N)cc12'], ['COc1ccc(Br)cc1S(=O)(=O)Nc1cc2c(C)noc2cc1OCC(=O)NCCN', 'O=C(CCl)NCCOc1cccc2c1C(=O)N(C1CCC(=O)NC1=O)C2=O'], ['COc1ccc(Br)cc1S(=O)(=O)Nc1cc2c(C)noc2cc1OCC(=O)O', 'O=C(CCl)NCCOc1cccc2c1C(=O)N(C1CCC(=O)NC1=O)C2=O'], ['COc1ccc(Br)cc1S(=O)(=O)Cl', 'CC1=NOc2cc(N)c3cc2C(=O)NC(=O)CCC1N1C(=O)c2cccc(c2C1=O)OCC(=O)NCCNC(=O)CO3'], ['COc1ccc(Br)cc1S(=O)(=O)Nc1cc2c(C)noc2cc1OCC(=O)O', 'O=C(CO)NCCNC(=O)COc1cccc2c1C(=O)N(C1CCC(=O)NC1=O)C2=O'], ['COc1ccc(Br)cc1S(=O)(=O)Cl', 'Cc1noc2cc(N)c(O)cc12'], ['COc1ccc(Br)cc1S(=O)(=O)Nc1cc2c(C)noc2cc1OCC(=O)O', 'O=C(CNC(=O)CN1CC(=O)C2C(=O)NC2COc2ccccc21)NCCOc1cccc2c1C(=O)N2C1CCC(=O)NC1=O']]"
47,COc1ccc(Br)cc1S(=O)(=O)Nc1cc2c(C)noc2cc1OCC(=O)NCCNc1cccc2c1C(=O)N(C1CCC(=O)NC1=O)C2=O,3,0.2141853573074101,"[['COc1ccc(Br)cc1S(=O)(=O)Nc1cc2c(C)noc2cc1OCC(=O)O', 'NCCNc1cccc2c1C(=O)N(C1CCC(=O)NC1=O)C2=O'], ['COc1ccc(Br)cc1S(=O)(=O)Cl', 'Cc1noc2cc(N)c(OCC(=O)NCCNc3cccc4c3C(=O)N(C3CCC(=O)NC3=O)C4=O)cc12'], ['COc1ccc(Br)cc1S(=O)(=O)Cl', 'Cc1noc2cc(OCC(=O)NCCNc3cccc4c3C(=O)N(C3CCC(=O)NC3=O)C4=O)c(N)cc12']]"
48,O=C(O)c1ccc(CNC(=O)c2c(Cc3ccc(-c4ccc5occc5c4)cc3F)sc3c2CCOC3)cc1,9,0.2923959858552695,"[['COC(=O)c1ccc(CNC(=O)c2c(Cc3ccc(-c4ccc5occc5c4)cc3F)sc3c2CCOC3)cc1'], ['COC(=O)c1ccc(CN)cc1', 'O=C(O)c1c(Cc2ccc(-c3ccc4occc4c3)cc2F)sc2c1CCOC2'], ['COC(=O)c1ccc(CNC(=O)c2c(Cc3ccc(Br)cc3F)sc3c2CCOC3)cc1', 'OB(O)c1ccc2occc2c1'], ['CC(C)(C)OC(=O)c1ccc(CNC(=O)c2c(Cc3ccc(-c4ccc5occc5c4)cc3F)sc3c2CCOC3)cc1'], ['CCOC(=O)c1ccc(CNC(=O)c2c(Cc3ccc(-c4ccc5occc5c4)cc3F)sc3c2CCOC3)cc1'], ['CCOC(=O)c1ccc(CNC(=O)c2c(Cc3ccc(Br)cc3F)sc3c2CCOC3)cc1', 'OB(O)c1ccc2occc2c1'], ['CC1(C)OB(c2ccc3occc3c2)OC1(C)C', 'COC(=O)c1ccc(CNC(=O)c2c(Cc3ccc(Br)cc3F)sc3c2CCOC3)cc1'], ['CCOC(=O)c1ccc(CN)cc1', 'O=C(O)c1c(Cc2ccc(-c3ccc4occc4c3)cc2F)sc2c1CCOC2'], ['CC(C)(C)OC(=O)c1ccc(CNC(=O)c2c(Cc3ccc(Br)cc3F)sc3c2CCOC3)cc1', 'OB(O)c1ccc2occc2c1']]"
49,COc1ccc(-c2ccc(Cc3sc4c(c3C(=O)NC3(c5ccc(C(=O)O)cc5)CC3)CCOC4)cc2)cc1,6,0.42239624477546694,"[['COC(=O)c1ccc(C2(NC(=O)c3c(Cc4ccc(-c5ccc(OC)cc5)cc4)sc4c3CCOC4)CC2)cc1'], ['CCOC(=O)c1ccc(C2(NC(=O)c3c(Cc4ccc(-c5ccc(OC)cc5)cc4)sc4c3CCOC4)CC2)cc1'], ['COc1ccc(B(O)O)cc1', 'O=C(O)c1ccc(C2(NC(=O)c3c(Cc4ccc(Br)cc4)sc4c3CCOC4)CC2)cc1'], ['COc1ccc(-c2ccc(Cc3sc4c(c3C(=O)O)CCOC4)cc2)cc1', 'NC1(c2ccc(C(=O)O)cc2)CC1'], ['COc1ccc(-c2ccc(Cc3sc4c(c3C(=O)NC3(c5ccc(C(=O)OC(C)(C)C)cc5)CC3)CCOC4)cc2)cc1'], ['CC(=O)O', 'COC(=O)c1ccc(C2(N)CCC3=C2SC2=CC=C(c4ccc(OC)cc4)C=C3C2)cc1']]"
50,Cc1cccc(NS(=O)(=O)c2ccc3c(c2)N(Cc2noc(C4CCC4)n2)C(=O)CO3)c1C,10,0.5053064661334216,"[['Cc1cccc(N)c1C', 'O=C1COc2ccc(S(=O)(=O)Cl)cc2N1Cc1noc(C2CCC2)n1'], ['Cc1cccc(NS(=O)(=O)c2ccc3c(c2)NC(=O)CO3)c1C', 'ClCc1noc(C2CCC2)n1'], ['Cc1cccc(NS(=O)(=O)c2ccc3c(c2)NC(=O)CO3)c1C', 'O=Cc1noc(C2CCC2)n1'], ['Cc1cccc(NS(=O)(=O)c2ccc(O)c(NCc3noc(C4CCC4)n3)c2)c1C', 'O=C(OC(Cl)(Cl)Cl)OC(Cl)(Cl)Cl'], ['Cc1cccc(NS(=O)(=O)c2ccc(O)c(NCc3noc(C4CCC4)n3)c2)c1C', 'O=C(O)C(F)(F)F'], ['Cc1cccc(NS(=O)(=O)c2ccc(O)c(NCc3noc(C4CCC4)n3)c2)c1C', 'O=C(O)CO'], ['Cc1cccc(NS(=O)(=O)c2ccc3c(c2)NC(=O)CO3)c1C', 'NC(=O)C1CCC1', 'O=C(Cl)CBr'], ['Cc1cccc(NS(=O)(=O)c2ccc3c(c2)NC(=O)CO3)c1C', 'N#CC1CCC1', 'NO'], ['Cc1cccc(NS(=O)(=O)c2ccc3c(c2)NC(=O)CO3)c1C', 'NC(=O)C1CCC1', 'N#CCBr'], ['Cc1cccc(NS(=O)(=O)c2ccc(NC(=O)CC(=O)NCC(=O)OC(C)(C)C)c(O)c2)c1C', 'O=C(O)C1CCC1']]"
51,CCN(C(=O)c1cc(-c2ccc(C)cc2)c(O)cc1O)c1ccc(CN2CCN(C(=O)CCCOc3ccc(CN(C)CC(O)(Cn4cncn4)c4ccc(F)cc4F)cc3)CC2)cc1,31,0.3145001770542341,"[['CCN(C(=O)c1cc(-c2ccc(C)cc2)c(OCc2ccccc2)cc1OCc1ccccc1)c1ccc(CN2CCN(C(=O)CCCOc3ccc(CN(C)CC(O)(Cn4cncn4)c4ccc(F)cc4F)cc3)CC2)cc1'], ['CCN(C(=O)c1cc(-c2ccc(C)cc2)c(OCOC)cc1OCOC)c1ccc(CN2CCN(C(=O)CCCOc3ccc(CN(C)CC(O)(Cn4cncn4)c4ccc(F)cc4F)cc3)CC2)cc1'], ['CCN(C(=O)c1cc(-c2ccc(C)cc2)c(OC(C)=O)cc1OC(C)=O)c1ccc(CN2CCN(C(=O)CCCOc3ccc(CN(C)CC(O)(Cn4cncn4)c4ccc(F)cc4F)cc3)CC2)cc1'], ['CCN(C(=O)c1cc(-c2ccc(C)cc2)c(OCOC)cc1O)c1ccc(CN2CCN(C(=O)CCCOc3ccc(CN(C)CC(O)(Cn4cncn4)c4ccc(F)cc4F)cc3)CC2)cc1'], ['CCN(C(=O)c1cc(-c2ccc(C)cc2)c(OC(C)(C)C)cc1OC(C)=O)c1ccc(CN2CCN(C(=O)CCCOc3ccc(CN(C)CC(O)(Cn4cncn4)c4ccc(F)cc4F)cc3)CC2)cc1'], ['CCN(C(=O)c1cc(-c2ccc(C)cc2)c(OC)cc1OCc1ccccc1)c1ccc(CN2CCN(C(=O)CCCOc3ccc(CN(C)CC(O)(Cn4cncn4)c4ccc(F)cc4F)cc3)CC2)cc1'], ['CCN(C(=O)c1cc(-c2ccc(C)cc2)c(O)cc1OCc1ccccc1)c1ccc(CN2CCN(C(=O)CCCOc3ccc(CN(C)CC(O)(Cn4cncn4)c4ccc(F)cc4F)cc3)CC2)cc1'], ['CCN(C(=O)c1cc(-c2ccc(C)cc2)c(OC(C)=O)cc1O)c1ccc(CN2CCN(C(=O)CCCOc3ccc(CN(C)CC(O)(Cn4cncn4)c4ccc(F)cc4F)cc3)CC2)cc1'], ['CCN(C(=O)c1cc(-c2ccc(C)cc2)c(OCOC)cc1OC)c1ccc(CN2CCN(C(=O)CCCOc3ccc(CN(C)CC(O)(Cn4cncn4)c4ccc(F)cc4F)cc3)CC2)cc1'], ['CCN(C(=O)c1cc(-c2ccc(C)cc2)c(OC)cc1O)c1ccc(CN2CCN(C(=O)CCCOc3ccc(CN(C)CC(O)(Cn4cncn4)c4ccc(F)cc4F)cc3)CC2)cc1'], ['CCN(C(=O)c1cc(-c2ccc(C)cc2)c(OC(C)(C)C)cc1O)c1ccc(CN2CCN(C(=O)CCCOc3ccc(CN(C)CC(O)(Cn4cncn4)c4ccc(F)cc4F)cc3)CC2)cc1'], ['CCN(C(=O)c1cc(-c2ccc(C)cc2)c(O)cc1O)c1ccc(CN2CCNCC2)cc1', 'CN(Cc1ccc(OCCCC(=O)O)cc1)CC(O)(Cn1cncn1)c1ccc(F)cc1F'], ['CCN(C(=O)c1ccc(OC(=O)C(F)(F)F)c(-c2ccc(C)cc2)c1)c1ccc(CN2CCN(C(=O)CCCOc3ccc(CN(C)CC(O)(Cn4cncn4)c4ccc(F)cc4F)cc3)CC2)cc1'], ['CCN(C(=O)c1cc(-c2ccc(C)cc2)c(O)cc1O)c1ccc(CN2CCN(C(=O)CCCOc3ccc(CNCC(O)(Cn4cncn4)c4ccc(F)cc4F)cc3)CC2)cc1'], ['CCNc1ccc(CN2CCN(C(=O)CCCCOc3ccc(CN(C)CC(O)(Cn4cncn4)c4ccc(F)cc4F)cc3)CC2)cc1', 'Cc1ccc(-c2cc(C(=O)O)c(O)cc2O)cc1'], ['CCN(C(=O)c1cc(-c2ccc(C)cc2)c(OC(C)(C)C)cc1OC(C)(C)C)c1ccc(CN2CCN(C(=O)CCCOc3ccc(CNCC(O)(Cn4cncn4)c4ccc(F)cc4F)cc3)CC2)cc1'], ['CCN(C(=O)c1cc(-c2ccc(C)cc2)c(O)cc1OCc1ccccc1)c1ccc(CN2CCNCC2)cc1', 'CN(Cc1ccc(OCCCC(=O)O)cc1)CC(O)(Cn1cncn1)c1ccc(F)cc1F'], ['CCNc1ccc(CN2CCN(C(=O)CCCCOc3ccc(CN(C)CC(O)(Cn4cncn4)c4ccc(F)cc4F)cc3)CC2)cc1', 'Cc1ccc(-c2cc(O)c(O)cc2C(=O)O)cc1'], ['CCN(C(=O)c1cc(-c2ccc(C)cc2)c(OCOC)cc1OCOC)c1ccc(CN2CCNCC2)cc1', 'CN(Cc1ccc(O)cc1)CC(O)(Cn1cncn1)c1ccc(F)cc1F'], ['CCN(C(=O)c1cc(-c2ccc(C)cc2)c(OCOC)cc1O)c1ccc(CN2CCNCC2)cc1', 'CN(Cc1ccc(OCCCC(=O)O)cc1)CC(O)(Cn1cncn1)c1ccc(F)cc1F'], ['CCOC(=O)Oc1cc(OC(=O)c2ccccc2)c(C(=O)N(CC)c2ccc(CN3CCN(C(=O)CCCOc4ccc(CN(C)CC(O)(Cn5cncn5)c5ccc(F)cc5F)cc4)CC3)cc2)cc1-c1ccc(C)cc1'], ['CCN(Cc1ccc(N(Cc2ccc(-c3ccc(C)cc3)c(OC)c2)C(=O)OC)cc1OC)c1ccc(CN2CCN(C(=O)CCCOc3ccc(CN(C)CC(O)(Cn4cncn4)c4ccc(F)cc4F)cc3)CC2)cc1'], ['CC(C)(C)[Si](OC(Cn1cncn1)(c1ccc(OCCCC(=O)O)cc1)c1ccc(F)cc1F)(c1ccccc1)c1ccccc1', 'CCN(C(=O)c1cc(-c2ccc(C)cc2)c(O)cc1O)c1ccc(CN2CCNCC2)cc1'], ['CCN(C(=O)c1cc(-c2ccc(C)cc2)c(O)cc1OC(C)(C)C)c1ccc(CN2CCNCC2)cc1', 'CN(Cc1ccc(OCCCC(=O)O)cc1)CC(O)(Cn1cncn1)c1ccc(F)cc1F'], ['CCNc1ccc(CN2CCN(C(=O)CCCOc3ccc(CN(C)CC(O)(Cn4cncn4)c4ccc(F)cc4F)cc3)CC2)cc1', 'Cc1ccc(-c2cc(OC(C)(C)C)c(O)cc2C(=O)O)cc1'], ['CCN(Cc1ccc(NC(=O)c2cc(-c3ccc(C)cc3)c(OC)cc2OC)cc1)c1ccc(CN2CCNCC2)cc1', 'CN(Cc1ccc(O)cc1)CC(O)(Cn1cncn1)c1ccc(F)cc1F'], ['CCN(Cc1ccc(OCCCC(=O)N2CCN(Cc3ccc(N(CC)C(=O)c4cc(-c5ccc(C)cc5)c(OC)cc4OC)cc3)CC2)cc1)c1ccc(CN(C)CC(O)(Cn2cncn2)c2ccc(F)cc2F)cc1'], ['CC(=O)O', 'CCNc1ccc(CN2CCN(C(=O)CCCOc3ccc(CN(C)CC(O)(Cn4cncn4)c4ccc(F)cc4F)cc3)CC2)cc1O', 'Cc1ccc(-c2cc(C(=O)O)c(O)cc2O)cc1'], ['CC(=O)O', 'CCN(Cc1ccc(OCCCC(=O)N2CCN(Cc3ccc(N(CC)C(=O)c4cc(-c5ccc(C)cc5)c(OC(F)(F)F)cc4C)cc3)CC2)cc1)CC(O)(Cn1cncn1)c1ccc(F)cc1F'], ['CCN(Cc1ccc(O)cc1OC)c1ccc(CN2CCN(C(=O)CCCOc3ccc(CN(C)CC(O)(Cn4cncn4)c4ccc(F)cc4F)cc3)CC2)cc1', 'CCN(Cc1ccc(OCCCC(=O)O)cc1)c1ccc(CN2CCN(C(=O)c3ccc(C(=O)O)cc3O)CC2)cc1'], ['CC(C)(C)[Si](OC1(c2ccc(F)cc2F)CCN(C(=O)CCCc2ccc(OCCC(=O)O)cc2)CN(CC(O)(c2ccc(O)cc2)c2ccc(F)cc2F)C1)(c1ccccc1)c1ccccc1', 'CCNc1ccc(CN2CCN(C(=O)c3ccc(-c4ccc(C)cc4)c(OCc4ccc(C)cc4)c3)CC2)cc1']]"
52,CCN(C(=O)c1cc(-c2ccc(C)cc2)c(OCc2ccccc2)cc1OCc1ccccc1)c1ccc(CN2CCN(CC(O)(Cn3cncn3)c3ccc(F)cc3F)CC2)cc1,13,0.2603969590294804,"[['CCN(C(=O)c1cc(-c2ccc(C)cc2)c(OCc2ccccc2)cc1OCc1ccccc1)c1ccc(C=O)cc1', 'OC(CN1CCNCC1)(Cn1cncn1)c1ccc(F)cc1F'], ['CCN(C(=O)c1cc(-c2ccc(C)cc2)c(OCc2ccccc2)cc1OCc1ccccc1)c1ccc(CCl)cc1', 'OC(CN1CCNCC1)(Cn1cncn1)c1ccc(F)cc1F'], ['CCN(C(=O)c1cc(-c2ccc(C)cc2)c(OCc2ccccc2)cc1OCc1ccccc1)c1ccc(CBr)cc1', 'OC(CN1CCNCC1)(Cn1cncn1)c1ccc(F)cc1F'], ['CCN(C(=O)c1cc(-c2ccc(C)cc2)c(OCc2ccccc2)cc1OCc1ccccc1)c1ccc(CN2CCNCC2)cc1', 'Fc1ccc(F)c(C2(Cn3cncn3)CO2)c1'], ['CCN(C(=O)c1cc(-c2ccc(C)cc2)c(OCc2ccccc2)cc1OCc1ccccc1)c1ccc(CN2CCNCC2)cc1', 'Fc1ccc(C2(Cn3cncn3)CO2)c(F)c1'], ['CCN(C(=O)c1cc(-c2ccc(C)cc2)c(OCc2ccccc2)cc1OCc1ccccc1)c1ccc(CN2CCNCC2)cc1', 'OC(Cn1cncn1)(Cn1cncn1)c1ccc(F)cc1F'], ['CCN(C(=O)c1cc(-c2ccc(C)cc2)c(OCc2ccccc2)cc1OCc1ccccc1)c1ccc(CN2CCNCC2)cc1', 'Fc1ccc(F)c(C2(Cn3cncn3)CO2)c1F'], ['CC(C)(C)[Si](C)(C)OC(CN1CCNCC1)(Cn1cncn1)c1ccc(F)cc1F', 'CCN(C(=O)c1cc(-c2ccc(C)cc2)c(OCc2ccccc2)cc1OCc1ccccc1)c1ccc(C=O)cc1'], ['CCN(C(=O)c1cc(-c2ccc(C)cc2)c(OCc2ccccc2)cc1OCc1ccccc1)c1ccc(CN2CCNCC2)cc1', 'OC(CBr)(Cn1cncn1)c1ccc(F)cc1F'], ['CCN(C(=O)c1cc(-c2ccc(C)cc2)c(OCc2ccccc2)cc1OCc1ccccc1)c1ccc(CN2CCNCC2)cc1', 'OC(CCl)(Cn1cncn1)c1ccc(F)cc1F'], ['CC(=O)OC(Cn1cncn1)c1ccc(F)cc1F', 'CCN(C(=O)c1cc(-c2ccc(C)cc2)c(OCc2ccccc2)cc1OCc1ccccc1)c1ccc(CN2CCNCC2)cc1'], ['CCN(C(=O)c1cc(-c2ccc(C)cc2)c(OCc2ccccc2)cc1OCc1ccccc1)c1ccc(CN2CCNCC2)cc1', 'CS(=O)(=O)c1ncn[nH]1', 'OC(CCl)(Cn1cncn1)c1ccc(F)cc1F'], ['CCN(C(=O)c1cc(-c2ccc(C)cc2)c(OCc2ccccc2)cc1OCc1ccccc1)c1ccc(CN2CCNCC2)cc1', 'C[C@H](O)[C@@]1(c2ccc(F)cc2F)O[C@H](Cn2cncn2)[C@H](O)CN1C']]"
